,country,year,PEC(TWh),iso_alpha
0,Afghanistan,1980,7.773,AFG
1,Afghanistan,1985,11.043,AFG
2,Afghanistan,1990,31.627,AFG
3,Afghanistan,1995,7.246,AFG
4,Afghanistan,2000,5.777,AFG
5,Afghanistan,2005,6.009,AFG
6,Afghanistan,2010,33.194,AFG
7,Afghanistan,2015,32.917,AFG
8,Albania,1980,52.569,ALB
9,Albania,1985,57.267,ALB
10,Albania,1990,40.289,ALB
11,Albania,1995,21.98,ALB
12,Albania,2000,27.313,ALB
13,Albania,2005,34.45,ALB
14,Albania,2010,38.863,ALB
15,Albania,2015,33.685,ALB
16,Algeria,1980,177.097,DZA
17,Algeria,1985,262.181,DZA
18,Algeria,1990,314.95,DZA
19,Algeria,1995,313.11,DZA
20,Algeria,2000,299.936,DZA
21,Algeria,2005,366.175,DZA
22,Algeria,2010,437.402,DZA
23,Algeria,2015,617.482,DZA
24,American Samoa,1980,1.76,ASM
25,American Samoa,1985,2.053,ASM
26,American Samoa,1990,2.408,ASM
27,American Samoa,1995,2.285,ASM
28,American Samoa,2000,2.299,ASM
29,American Samoa,2005,2.483,ASM
30,American Samoa,2010,2.525,ASM
31,American Samoa,2015,1.441,ASM
32,Angola,1980,16.953,AGO
33,Angola,1985,21.253,AGO
34,Angola,1990,23.212,AGO
35,Angola,1995,25.369,AGO
36,Angola,2000,32.352,AGO
37,Angola,2005,39.096,AGO
38,Angola,2010,81.982,AGO
39,Angola,2015,113.28,AGO
40,Antigua and Barbuda,1980,1.76,ATG
41,Antigua and Barbuda,1985,1.467,ATG
42,Antigua and Barbuda,1990,1.751,ATG
43,Antigua and Barbuda,1995,1.991,ATG
44,Antigua and Barbuda,2000,2.138,ATG
45,Antigua and Barbuda,2005,2.537,ATG
46,Antigua and Barbuda,2010,2.84,ATG
47,Antigua and Barbuda,2015,3.046,ATG
48,Argentina,1980,460.339,ARG
49,Argentina,1985,462.455,ARG
50,Argentina,1990,513.207,ARG
51,Argentina,1995,610.793,ARG
52,Argentina,2000,686.126,ARG
53,Argentina,2005,778.556,ARG
54,Argentina,2010,896.428,ARG
55,Argentina,2015,996.057,ARG
56,Armenia,1995,38.116,ARM
57,Armenia,2000,28.876,ARM
58,Armenia,2005,36.243,ARM
59,Armenia,2010,39.23,ARM
60,Armenia,2015,40.5,ARM
61,Aruba,1990,2.294,ABW
62,Aruba,1995,3.468,ABW
63,Aruba,2000,4.421,ABW
64,Aruba,2005,5.931,ABW
65,Aruba,2010,5.362,ABW
66,Aruba,2015,5.426,ABW
67,Australia,1980,840.092,AUS
68,Australia,1985,892.155,AUS
69,Australia,1990,1057.157,AUS
70,Australia,1995,1164.936,AUS
71,Australia,2000,1313.507,AUS
72,Australia,2005,1405.447,AUS
73,Australia,2010,1527.103,AUS
74,Australia,2015,1621.386,AUS
75,Austria,1980,315.657,AUT
76,Austria,1985,307.279,AUT
77,Austria,1990,329.538,AUT
78,Austria,1995,360.186,AUT
79,Austria,2000,383.695,AUT
80,Austria,2005,417.83,AUT
81,Austria,2010,411.111,AUT
82,Austria,2015,385.086,AUT
83,Azerbaijan,1985,234.501,AZE
84,Azerbaijan,1990,260.006,AZE
85,Azerbaijan,1995,160.243,AZE
86,Azerbaijan,2000,131.271,AZE
87,Azerbaijan,2005,166.163,AZE
88,Azerbaijan,2010,130.137,AZE
89,Azerbaijan,2015,170.999,AZE
90,Bahamas,1980,17.6,BHS
91,Bahamas,1985,9.68,BHS
92,Bahamas,1990,12.023,BHS
93,Bahamas,1995,12.648,BHS
94,Bahamas,2000,16.477,BHS
95,Bahamas,2005,12.966,BHS
96,Bahamas,2010,13.275,BHS
97,Bahamas,2015,11.831,BHS
98,Bahrain,1980,40.392,BHR
99,Bahrain,1985,60.047,BHR
100,Bahrain,1990,75.16,BHR
101,Bahrain,1995,83.187,BHR
102,Bahrain,2000,111.972,BHR
103,Bahrain,2005,150.127,BHR
104,Bahrain,2010,172.212,BHR
105,Bahrain,2015,204.197,BHR
106,Bangladesh,1980,36.474,BGD
107,Bangladesh,1985,48.142,BGD
108,Bangladesh,1990,73.698,BGD
109,Bangladesh,1995,107.042,BGD
110,Bangladesh,2000,135.987,BGD
111,Bangladesh,2005,189.628,BGD
112,Bangladesh,2010,250.409,BGD
113,Bangladesh,2015,368.035,BGD
114,Barbados,1980,4.229,BRB
115,Barbados,1985,5.109,BRB
116,Barbados,1990,5.506,BRB
117,Barbados,1995,5.642,BRB
118,Barbados,2000,6.972,BRB
119,Barbados,2005,7.206,BRB
120,Barbados,2010,7.38,BRB
121,Barbados,2015,6.842,BRB
122,Belarus,1985,408.04,BLR
123,Belarus,1990,444.569,BLR
124,Belarus,1995,251.945,BLR
125,Belarus,2000,255.399,BLR
126,Belarus,2005,286.451,BLR
127,Belarus,2010,302.611,BLR
128,Belarus,2015,269.0,BLR
129,Belgium,1980,565.183,BEL
130,Belgium,1985,542.228,BEL
131,Belgium,1990,627.306,BEL
132,Belgium,1995,677.57,BEL
133,Belgium,2000,752.165,BEL
134,Belgium,2005,764.782,BEL
135,Belgium,2010,780.145,BEL
136,Belgium,2015,677.511,BEL
137,Belize,1980,0.991,BLZ
138,Belize,1985,0.991,BLZ
139,Belize,1990,1.424,BLZ
140,Belize,1995,1.587,BLZ
141,Belize,2000,2.463,BLZ
142,Belize,2005,2.415,BLZ
143,Belize,2010,2.998,BLZ
144,Belize,2015,3.13,BLZ
145,Benin,1980,1.76,BEN
146,Benin,1985,2.053,BEN
147,Benin,1990,2.37,BEN
148,Benin,1995,3.871,BEN
149,Benin,2000,6.5,BEN
150,Benin,2005,9.701,BEN
151,Benin,2010,20.624,BEN
152,Benin,2015,21.99,BEN
153,Bermuda,1980,2.347,BMU
154,Bermuda,1985,2.053,BMU
155,Bermuda,1990,2.731,BMU
156,Bermuda,1995,2.147,BMU
157,Bermuda,2000,2.415,BMU
158,Bermuda,2005,2.804,BMU
159,Bermuda,2010,3.26,BMU
160,Bermuda,2015,2.492,BMU
161,Bhutan,1980,0.033,BTN
162,Bhutan,1985,0.158,BTN
163,Bhutan,1990,4.806,BTN
164,Bhutan,1995,5.633,BTN
165,Bhutan,2000,6.085,BTN
166,Bhutan,2005,8.723,BTN
167,Bhutan,2010,22.7,BTN
168,Bhutan,2015,24.356,BTN
169,Bolivia,1980,21.68,BOL
170,Bolivia,1985,19.51,BOL
171,Bolivia,1990,26.807,BOL
172,Bolivia,1995,36.075,BOL
173,Bolivia,2000,43.332,BOL
174,Bolivia,2005,55.464,BOL
175,Bolivia,2010,67.612,BOL
176,Bolivia,2015,83.531,BOL
177,Bosnia and Herzegovina,1995,55.424,BIH
178,Bosnia and Herzegovina,2000,68.545,BIH
179,Bosnia and Herzegovina,2005,58.803,BIH
180,Bosnia and Herzegovina,2010,85.024,BIH
181,Bosnia and Herzegovina,2015,78.868,BIH
182,Botswana,1980,4.29,BWA
183,Botswana,1985,5.524,BWA
184,Botswana,1990,8.887,BWA
185,Botswana,1995,10.791,BWA
186,Botswana,2000,13.388,BWA
187,Botswana,2005,15.486,BWA
188,Botswana,2010,13.781,BWA
189,Botswana,2015,21.166,BWA
190,Brazil,1980,1091.087,BRA
191,Brazil,1985,1301.655,BRA
192,Brazil,1990,1488.864,BRA
193,Brazil,1995,1865.467,BRA
194,Brazil,2000,2233.894,BRA
195,Brazil,2005,2460.559,BRA
196,Brazil,2010,3050.355,BRA
197,Brazil,2015,3398.175,BRA
198,British Virgin Islands,1980,0.095,VGB
199,British Virgin Islands,1985,0.142,VGB
200,British Virgin Islands,1990,0.194,VGB
201,British Virgin Islands,1995,0.194,VGB
202,British Virgin Islands,2000,0.438,VGB
203,British Virgin Islands,2005,0.548,VGB
204,British Virgin Islands,2010,0.718,VGB
205,British Virgin Islands,2015,0.747,VGB
206,Brunei,1980,24.006,BRN
207,Brunei,1985,22.393,BRN
208,Brunei,1990,20.57,BRN
209,Brunei,1995,18.162,BRN
210,Brunei,2000,19.68,BRN
211,Brunei,2005,33.816,BRN
212,Brunei,2010,42.46,BRN
213,Brunei,2015,48.278,BRN
214,Bulgaria,1980,334.959,BGR
215,Bulgaria,1985,335.694,BGR
216,Bulgaria,1990,322.79,BGR
217,Bulgaria,1995,270.124,BGR
218,Bulgaria,2000,215.73,BGR
219,Bulgaria,2005,235.681,BGR
220,Bulgaria,2010,209.956,BGR
221,Bulgaria,2015,222.28,BGR
222,Burkina Faso,1980,1.76,BFA
223,Burkina Faso,1985,1.76,BFA
224,Burkina Faso,1990,2.039,BFA
225,Burkina Faso,1995,3.005,BFA
226,Burkina Faso,2000,4.25,BFA
227,Burkina Faso,2005,5.12,BFA
228,Burkina Faso,2010,7.832,BFA
229,Burkina Faso,2015,14.376,BFA
230,Burundi,1980,0.299,BDI
231,Burundi,1985,0.718,BDI
232,Burundi,1990,1.556,BDI
233,Burundi,1995,1.832,BDI
234,Burundi,2000,1.61,BDI
235,Burundi,2005,1.001,BDI
236,Burundi,2010,1.395,BDI
237,Burundi,2015,1.509,BDI
238,Cambodia,1980,1.313,KHM
239,Cambodia,1985,1.86,KHM
240,Cambodia,1990,2.032,KHM
241,Cambodia,1995,6.201,KHM
242,Cambodia,2000,8.963,KHM
243,Cambodia,2005,12.028,KHM
244,Cambodia,2010,20.545,KHM
245,Cambodia,2015,38.263,KHM
246,Cameroon,1980,13.537,CMR
247,Cameroon,1985,18.29,CMR
248,Cameroon,1990,22.29,CMR
249,Cameroon,1995,21.891,CMR
250,Cameroon,2000,23.338,CMR
251,Cameroon,2005,24.906,CMR
252,Cameroon,2010,37.668,CMR
253,Cameroon,2015,46.534,CMR
254,Canada,1980,2643.899,CAN
255,Canada,1985,2755.851,CAN
256,Canada,1990,2949.8,CAN
257,Canada,1995,3280.275,CAN
258,Canada,2000,3557.887,CAN
259,Canada,2005,3673.987,CAN
260,Canada,2010,3612.92,CAN
261,Canada,2015,3887.128,CAN
262,Cape Verde,1980,1.467,CPV
263,Cape Verde,1985,0.587,CPV
264,Cape Verde,1990,0.344,CPV
265,Cape Verde,1995,0.48,CPV
266,Cape Verde,2000,1.366,CPV
267,Cape Verde,2005,2.804,CPV
268,Cape Verde,2010,3.413,CPV
269,Cape Verde,2015,3.685,CPV
270,Cayman Islands,1980,0.293,CYM
271,Cayman Islands,1985,0.587,CYM
272,Cayman Islands,1990,1.215,CYM
273,Cayman Islands,1995,1.429,CYM
274,Cayman Islands,2000,2.085,CYM
275,Cayman Islands,2005,2.157,CYM
276,Cayman Islands,2010,2.503,CYM
277,Cayman Islands,2015,2.585,CYM
278,Central African Republic,1980,0.775,CAF
279,Central African Republic,1985,1.051,CAF
280,Central African Republic,1990,1.226,CAF
281,Central African Republic,1995,1.421,CAF
282,Central African Republic,2000,1.595,CAF
283,Central African Republic,2005,1.737,CAF
284,Central African Republic,2010,1.911,CAF
285,Central African Republic,2015,2.118,CAF
286,Chad,1980,1.173,TCD
287,Chad,1985,0.587,TCD
288,Chad,1990,1.42,TCD
289,Chad,1995,0.731,TCD
290,Chad,2000,1.033,TCD
291,Chad,2005,1.097,TCD
292,Chad,2010,1.296,TCD
293,Chad,2015,1.397,TCD
294,Chile,1980,105.567,CHL
295,Chile,1985,108.036,CHL
296,Chile,1990,153.679,CHL
297,Chile,1995,228.157,CHL
298,Chile,2000,306.696,CHL
299,Chile,2005,346.955,CHL
300,Chile,2010,369.031,CHL
301,Chile,2015,415.351,CHL
302,China,1980,4856.292,CHN
303,China,1985,6178.478,CHN
304,China,1990,7972.531,CHN
305,China,1995,10390.963,CHN
306,China,2000,11792.554,CHN
307,China,2005,21000.495,CHN
308,China,2010,28967.802,CHN
309,China,2015,34826.942,CHN
310,Colombia,1980,185.837,COL
311,Colombia,1985,223.168,COL
312,Colombia,1990,246.728,COL
313,Colombia,1995,321.754,COL
314,Colombia,2000,307.949,COL
315,Colombia,2005,318.67,COL
316,Colombia,2010,395.314,COL
317,Colombia,2015,475.565,COL
318,Comoros,1980,0.186,COM
319,Comoros,1985,0.16,COM
320,Comoros,1990,0.266,COM
321,Comoros,1995,0.257,COM
322,Comoros,2000,0.438,COM
323,Comoros,2005,0.621,COM
324,Comoros,2010,0.705,COM
325,Comoros,2015,0.758,COM
326,Congo,1980,3.339,COG
327,Congo,1985,4.957,COG
328,Congo,1990,5.541,COG
329,Congo,1995,4.144,COG
330,Congo,2000,3.551,COG
331,Congo,2005,6.727,COG
332,Congo,2010,19.527,COG
333,Congo,2015,29.272,COG
334,Cook Islands,1980,0.122,COK
335,Cook Islands,1985,0.243,COK
336,Cook Islands,1990,0.184,COK
337,Cook Islands,1995,0.184,COK
338,Cook Islands,2000,0.246,COK
339,Cook Islands,2005,0.318,COK
340,Cook Islands,2010,0.321,COK
341,Cook Islands,2015,0.378,COK
342,Costa Rica,1980,15.967,CRI
343,Costa Rica,1985,16.947,CRI
344,Costa Rica,1990,20.988,CRI
345,Costa Rica,1995,30.247,CRI
346,Costa Rica,2000,42.166,CRI
347,Costa Rica,2005,48.527,CRI
348,Costa Rica,2010,54.443,CRI
349,Costa Rica,2015,60.854,CRI
350,Croatia,1990,99.771,HRV
351,Croatia,1995,86.817,HRV
352,Croatia,2000,95.393,HRV
353,Croatia,2005,108.057,HRV
354,Croatia,2010,106.685,HRV
355,Croatia,2015,89.664,HRV
356,Cuba,1980,133.034,CUB
357,Cuba,1985,141.513,CUB
358,Cuba,1990,145.921,CUB
359,Cuba,1995,122.016,CUB
360,Cuba,2000,109.859,CUB
361,Cuba,2005,103.726,CUB
362,Cuba,2010,136.159,CUB
363,Cuba,2015,130.338,CUB
364,Cyprus,1980,10.279,CYP
365,Cyprus,1985,13.565,CYP
366,Cyprus,1990,19.275,CYP
367,Cyprus,1995,25.231,CYP
368,Cyprus,2000,30.261,CYP
369,Cyprus,2005,34.993,CYP
370,Cyprus,2010,34.029,CYP
371,Cyprus,2015,29.094,CYP
372,Czechia,1980,620.406,CZE
373,Czechia,1985,631.068,CZE
374,Czechia,1990,545.785,CZE
375,Czechia,1995,484.957,CZE
376,Czechia,2000,473.138,CZE
377,Czechia,2005,517.193,CZE
378,Czechia,2010,510.181,CZE
379,Czechia,2015,467.135,CZE
380,Czechoslovakia,1980,811.333,OWID_CZS
381,Czechoslovakia,1985,821.207,OWID_CZS
382,Czechoslovakia,1990,840.612,OWID_CZS
383,Democratic Republic of Congo,1980,25.233,COD
384,Democratic Republic of Congo,1985,27.077,COD
385,Democratic Republic of Congo,1990,29.658,COD
386,Democratic Republic of Congo,1995,29.916,COD
387,Democratic Republic of Congo,2000,21.781,COD
388,Democratic Republic of Congo,2005,28.82,COD
389,Democratic Republic of Congo,2010,31.524,COD
390,Democratic Republic of Congo,2015,38.098,COD
391,Denmark,1980,232.953,DNK
392,Denmark,1985,217.786,DNK
393,Denmark,1990,201.76,DNK
394,Denmark,1995,243.135,DNK
395,Denmark,2000,235.215,DNK
396,Denmark,2005,230.599,DNK
397,Denmark,2010,228.678,DNK
398,Denmark,2015,194.18,DNK
399,Djibouti,1980,6.453,DJI
400,Djibouti,1985,3.227,DJI
401,Djibouti,1990,6.888,DJI
402,Djibouti,1995,7.141,DJI
403,Djibouti,2000,3.537,DJI
404,Djibouti,2005,3.372,DJI
405,Djibouti,2010,3.627,DJI
406,Djibouti,2015,3.842,DJI
407,Dominica,1980,0.138,DMA
408,Dominica,1985,0.21,DMA
409,Dominica,1990,0.26,DMA
410,Dominica,1995,0.412,DMA
411,Dominica,2000,0.525,DMA
412,Dominica,2005,0.675,DMA
413,Dominica,2010,0.78,DMA
414,Dominica,2015,0.828,DMA
415,Dominican Republic,1980,25.6,DOM
416,Dominican Republic,1985,29.325,DOM
417,Dominican Republic,1990,40.612,DOM
418,Dominican Republic,1995,46.193,DOM
419,Dominican Republic,2000,86.045,DOM
420,Dominican Republic,2005,82.81,DOM
421,Dominican Republic,2010,88.15,DOM
422,Dominican Republic,2015,97.773,DOM
423,Ecuador,1980,38.662,ECU
424,Ecuador,1985,60.381,ECU
425,Ecuador,1990,80.085,ECU
426,Ecuador,1995,93.889,ECU
427,Ecuador,2000,102.749,ECU
428,Ecuador,2005,119.454,ECU
429,Ecuador,2010,153.489,ECU
430,Ecuador,2015,185.436,ECU
431,Egypt,1980,210.263,EGY
432,Egypt,1985,327.21,EGY
433,Egypt,1990,394.686,EGY
434,Egypt,1995,435.803,EGY
435,Egypt,2000,565.438,EGY
436,Egypt,2005,704.353,EGY
437,Egypt,2010,911.854,EGY
438,Egypt,2015,986.807,EGY
439,El Salvador,1980,12.915,SLV
440,El Salvador,1985,12.769,SLV
441,El Salvador,1990,15.366,SLV
442,El Salvador,1995,24.566,SLV
443,El Salvador,2000,28.364,SLV
444,El Salvador,2005,33.942,SLV
445,El Salvador,2010,37.093,SLV
446,El Salvador,2015,38.821,SLV
447,Equatorial Guinea,1980,0.248,GNQ
448,Equatorial Guinea,1985,0.299,GNQ
449,Equatorial Guinea,1990,0.509,GNQ
450,Equatorial Guinea,1995,0.509,GNQ
451,Equatorial Guinea,2000,1.545,GNQ
452,Equatorial Guinea,2005,16.79,GNQ
453,Equatorial Guinea,2010,20.324,GNQ
454,Equatorial Guinea,2015,16.29,GNQ
455,Eritrea,1995,4.453,ERI
456,Eritrea,2000,2.601,ERI
457,Eritrea,2005,3.394,ERI
458,Eritrea,2010,2.063,ERI
459,Eritrea,2015,2.479,ERI
460,Estonia,1985,118.453,EST
461,Estonia,1990,120.417,EST
462,Estonia,1995,58.873,EST
463,Estonia,2000,53.893,EST
464,Estonia,2005,62.273,EST
465,Estonia,2010,71.33,EST
466,Estonia,2015,70.081,EST
467,Eswatini,1980,2.734,SWZ
468,Eswatini,1985,3.128,SWZ
469,Eswatini,1990,3.006,SWZ
470,Eswatini,1995,3.703,SWZ
471,Eswatini,2000,4.521,SWZ
472,Eswatini,2005,4.13,SWZ
473,Eswatini,2010,4.463,SWZ
474,Eswatini,2015,4.706,SWZ
475,Ethiopia,1980,8.685,ETH
476,Ethiopia,1985,13.281,ETH
477,Ethiopia,1990,15.279,ETH
478,Ethiopia,1995,13.654,ETH
479,Ethiopia,2000,18.969,ETH
480,Ethiopia,2005,28.335,ETH
481,Ethiopia,2010,41.744,ETH
482,Ethiopia,2015,75.334,ETH
483,Faeroe Islands,1980,1.9,FRO
484,Faeroe Islands,1985,0.14,FRO
485,Faeroe Islands,1990,2.902,FRO
486,Faeroe Islands,1995,2.898,FRO
487,Faeroe Islands,2000,3.204,FRO
488,Faeroe Islands,2005,3.466,FRO
489,Faeroe Islands,2010,3.197,FRO
490,Faeroe Islands,2015,3.439,FRO
491,Falkland Islands,1980,0.05,FLK
492,Falkland Islands,1985,0.063,FLK
493,Falkland Islands,1990,0.062,FLK
494,Falkland Islands,1995,0.125,FLK
495,Falkland Islands,2000,0.116,FLK
496,Falkland Islands,2005,0.167,FLK
497,Falkland Islands,2010,0.19,FLK
498,Falkland Islands,2015,0.201,FLK
499,Fiji,1980,4.54,FJI
500,Fiji,1985,4.164,FJI
501,Fiji,1990,5.41,FJI
502,Fiji,1995,5.67,FJI
503,Fiji,2000,7.513,FJI
504,Fiji,2005,8.221,FJI
505,Fiji,2010,5.543,FJI
506,Fiji,2015,11.106,FJI
507,Finland,1980,262.415,FIN
508,Finland,1985,282.4,FIN
509,Finland,1990,319.763,FIN
510,Finland,1995,328.91,FIN
511,Finland,2000,356.192,FIN
512,Finland,2005,355.218,FIN
513,Finland,2010,369.339,FIN
514,Finland,2015,319.955,FIN
515,France,1980,2290.454,FRA
516,France,1985,2382.862,FRA
517,France,1990,2628.647,FRA
518,France,1995,2844.387,FRA
519,France,2000,3069.409,FRA
520,France,2005,3115.302,FRA
521,France,2010,2958.771,FRA
522,France,2015,2756.51,FRA
523,French Guiana,1980,1.467,GUF
524,French Guiana,1985,1.467,GUF
525,French Guiana,1990,2.811,GUF
526,French Guiana,1995,3.96,GUF
527,French Guiana,2000,2.253,GUF
528,French Guiana,2005,4.424,GUF
529,French Guiana,2010,5.185,GUF
530,French Guiana,2015,4.601,GUF
531,French Polynesia,1980,0.88,PYF
532,French Polynesia,1985,3.318,PYF
533,French Polynesia,1990,3.984,PYF
534,French Polynesia,1995,3.279,PYF
535,French Polynesia,2000,3.552,PYF
536,French Polynesia,2005,4.645,PYF
537,French Polynesia,2010,5.135,PYF
538,French Polynesia,2015,4.795,PYF
539,Gabon,1980,8.249,GAB
540,Gabon,1985,9.247,GAB
541,Gabon,1990,12.519,GAB
542,Gabon,1995,12.042,GAB
543,Gabon,2000,11.378,GAB
544,Gabon,2005,13.096,GAB
545,Gabon,2010,15.886,GAB
546,Gabon,2015,20.635,GAB
547,Gambia,1980,0.587,GMB
548,Gambia,1985,0.587,GMB
549,Gambia,1990,0.788,GMB
550,Gambia,1995,0.903,GMB
551,Gambia,2000,1.267,GMB
552,Gambia,2005,1.465,GMB
553,Gambia,2010,2.01,GMB
554,Gambia,2015,2.324,GMB
555,Georgia,1995,42.613,GEO
556,Georgia,2000,39.113,GEO
557,Georgia,2005,52.713,GEO
558,Georgia,2010,63.546,GEO
559,Georgia,2015,73.183,GEO
560,Germany,1980,4231.683,DEU
561,Germany,1985,4278.25,DEU
562,Germany,1990,4179.821,DEU
563,Germany,1995,3960.508,DEU
564,Germany,2000,3974.284,DEU
565,Germany,2005,3934.98,DEU
566,Germany,2010,3807.278,DEU
567,Germany,2015,3722.186,DEU
568,Ghana,1980,24.754,GHA
569,Ghana,1985,16.773,GHA
570,Ghana,1990,28.473,GHA
571,Ghana,1995,33.427,GHA
572,Ghana,2000,40.529,GHA
573,Ghana,2005,41.999,GHA
574,Ghana,2010,55.677,GHA
575,Ghana,2015,80.945,GHA
576,Gibraltar,1980,2.053,GIB
577,Gibraltar,1985,3.52,GIB
578,Gibraltar,1990,6.46,GIB
579,Gibraltar,1995,12.494,GIB
580,Gibraltar,2000,35.129,GIB
581,Gibraltar,2005,52.398,GIB
582,Gibraltar,2010,55.105,GIB
583,Gibraltar,2015,49.301,GIB
584,Greece,1980,200.498,GRC
585,Greece,1985,220.408,GRC
586,Greece,1990,291.409,GRC
587,Greece,1995,319.125,GRC
588,Greece,2000,376.716,GRC
589,Greece,2005,404.36,GRC
590,Greece,2010,378.284,GRC
591,Greece,2015,312.853,GRC
592,Greenland,1980,2.362,GRL
593,Greenland,1985,2.053,GRL
594,Greenland,1990,2.277,GRL
595,Greenland,1995,2.056,GRL
596,Greenland,2000,2.956,GRL
597,Greenland,2005,3.411,GRL
598,Greenland,2010,4.376,GRL
599,Greenland,2015,3.627,GRL
600,Grenada,1980,0.196,GRD
601,Grenada,1985,0.258,GRD
602,Grenada,1990,0.526,GRD
603,Grenada,1995,0.651,GRD
604,Grenada,2000,0.864,GRD
605,Grenada,2005,0.998,GRD
606,Grenada,2010,1.177,GRD
607,Grenada,2015,1.188,GRD
608,Guadeloupe,1980,2.053,GLP
609,Guadeloupe,1985,3.813,GLP
610,Guadeloupe,1990,6.043,GLP
611,Guadeloupe,1995,7.204,GLP
612,Guadeloupe,2000,8.496,GLP
613,Guadeloupe,2005,9.228,GLP
614,Guadeloupe,2010,9.778,GLP
615,Guadeloupe,2015,8.511,GLP
616,Guam,1980,15.547,GUM
617,Guam,1985,2.64,GUM
618,Guam,1990,7.652,GUM
619,Guam,1995,14.804,GUM
620,Guam,2000,13.994,GUM
621,Guam,2005,15.522,GUM
622,Guam,2010,10.545,GUM
623,Guam,2015,8.655,GUM
624,Guatemala,1980,19.49,GTM
625,Guatemala,1985,17.625,GTM
626,Guatemala,1990,22.973,GTM
627,Guatemala,1995,31.591,GTM
628,Guatemala,2000,47.86,GTM
629,Guatemala,2005,53.626,GTM
630,Guatemala,2010,59.847,GTM
631,Guatemala,2015,80.869,GTM
632,Guinea,1980,3.943,GIN
633,Guinea,1985,3.687,GIN
634,Guinea,1990,6.365,GIN
635,Guinea,1995,5.444,GIN
636,Guinea,2000,7.732,GIN
637,Guinea,2005,9.401,GIN
638,Guinea,2010,12.358,GIN
639,Guinea,2015,12.257,GIN
640,Guinea-Bissau,1980,0.293,GNB
641,Guinea-Bissau,1985,0.587,GNB
642,Guinea-Bissau,1990,1.132,GNB
643,Guinea-Bissau,1995,1.318,GNB
644,Guinea-Bissau,2000,0.998,GNB
645,Guinea-Bissau,2005,1.264,GNB
646,Guinea-Bissau,2010,1.423,GNB
647,Guinea-Bissau,2015,1.647,GNB
648,Guyana,1980,6.174,GUY
649,Guyana,1985,5.881,GUY
650,Guyana,1990,2.728,GUY
651,Guyana,1995,3.847,GUY
652,Guyana,2000,6.815,GUY
653,Guyana,2005,6.095,GUY
654,Guyana,2010,7.138,GUY
655,Guyana,2015,8.448,GUY
656,Haiti,1980,4.467,HTI
657,Haiti,1985,4.328,HTI
658,Haiti,1990,4.035,HTI
659,Haiti,1995,4.52,HTI
660,Haiti,2000,6.958,HTI
661,Haiti,2005,9.244,HTI
662,Haiti,2010,9.084,HTI
663,Haiti,2015,12.408,HTI
664,Honduras,1980,9.539,HND
665,Honduras,1985,9.221,HND
666,Honduras,1990,16.897,HND
667,Honduras,1995,18.955,HND
668,Honduras,2000,24.807,HND
669,Honduras,2005,33.296,HND
670,Honduras,2010,38.798,HND
671,Honduras,2015,49.031,HND
672,Hong Kong,1980,76.396,HKG
673,Hong Kong,1985,100.768,HKG
674,Hong Kong,1990,139.358,HKG
675,Hong Kong,1995,180.681,HKG
676,Hong Kong,2000,197.475,HKG
677,Hong Kong,2005,270.091,HKG
678,Hong Kong,2010,321.291,HKG
679,Hong Kong,2015,326.564,HKG
680,Hungary,1980,321.819,HUN
681,Hungary,1985,332.967,HUN
682,Hungary,1990,325.31,HUN
683,Hungary,1995,288.323,HUN
684,Hungary,2000,279.77,HUN
685,Hungary,2005,307.251,HUN
686,Hungary,2010,275.207,HUN
687,Hungary,2015,254.326,HUN
688,Iceland,1980,15.812,ISL
689,Iceland,1985,17.743,ISL
690,Iceland,1990,20.927,ISL
691,Iceland,1995,22.927,ISL
692,Iceland,2000,32.013,ISL
693,Iceland,2005,34.589,ISL
694,Iceland,2010,54.017,ISL
695,Iceland,2015,58.685,ISL
696,India,1980,1208.518,IND
697,India,1985,1574.709,IND
698,India,1990,2287.88,IND
699,India,1995,2945.224,IND
700,India,2000,3705.991,IND
701,India,2005,4600.812,IND
702,India,2010,6265.202,IND
703,India,2015,7991.9,IND
704,Indonesia,1980,300.014,IDN
705,Indonesia,1985,405.757,IDN
706,Indonesia,1990,611.731,IDN
707,Indonesia,1995,876.403,IDN
708,Indonesia,2000,1183.682,IDN
709,Indonesia,2005,1436.497,IDN
710,Indonesia,2010,1755.925,IDN
711,Indonesia,2015,1973.022,IDN
712,Iran,1980,407.713,IRN
713,Iran,1985,645.575,IRN
714,Iran,1990,843.177,IRN
715,Iran,1995,1102.891,IRN
716,Iran,2000,1430.083,IRN
717,Iran,2005,1971.115,IRN
718,Iran,2010,2482.026,IRN
719,Iran,2015,2838.547,IRN
720,Iraq,1980,95.036,IRQ
721,Iraq,1985,141.522,IRQ
722,Iraq,1990,228.2,IRQ
723,Iraq,1995,368.32,IRQ
724,Iraq,2000,300.155,IRQ
725,Iraq,2005,302.195,IRQ
726,Iraq,2010,403.754,IRQ
727,Iraq,2015,466.289,IRQ
728,Ireland,1980,100.274,IRL
729,Ireland,1985,99.388,IRL
730,Ireland,1990,116.909,IRL
731,Ireland,1995,132.077,IRL
732,Ireland,2000,172.505,IRL
733,Ireland,2005,187.102,IRL
734,Ireland,2010,178.434,IRL
735,Ireland,2015,172.957,IRL
736,Israel,1980,94.544,ISR
737,Israel,1985,99.399,ISR
738,Israel,1990,133.047,ISR
739,Israel,1995,194.624,ISR
740,Israel,2000,233.705,ISR
741,Israel,2005,253.645,ISR
742,Israel,2010,275.594,ISR
743,Israel,2015,283.568,ISR
744,Italy,1980,1714.861,ITA
745,Italy,1985,1629.698,ITA
746,Italy,1990,1826.273,ITA
747,Italy,1995,1908.485,ITA
748,Italy,2000,2081.305,ITA
749,Italy,2005,2184.417,ITA
750,Italy,2010,2023.485,ITA
751,Italy,2015,1769.081,ITA
752,Jamaica,1980,34.514,JAM
753,Jamaica,1985,19.71,JAM
754,Jamaica,1990,29.864,JAM
755,Jamaica,1995,39.361,JAM
756,Jamaica,2000,43.212,JAM
757,Jamaica,2005,45.906,JAM
758,Jamaica,2010,33.119,JAM
759,Jamaica,2015,36.338,JAM
760,Japan,1980,4244.663,JPN
761,Japan,1985,4451.01,JPN
762,Japan,1990,5168.547,JPN
763,Japan,1995,5868.479,JPN
764,Japan,2000,6128.864,JPN
765,Japan,2005,6207.568,JPN
766,Japan,2010,5869.964,JPN
767,Japan,2015,5268.915,JPN
768,Jordan,1980,22.586,JOR
769,Jordan,1985,35.2,JOR
770,Jordan,1990,42.19,JOR
771,Jordan,1995,55.568,JOR
772,Jordan,2000,65.96,JOR
773,Jordan,2005,85.394,JOR
774,Jordan,2010,88.685,JOR
775,Jordan,2015,108.24,JOR
776,Kazakhstan,1985,795.094,KAZ
777,Kazakhstan,1990,858.106,KAZ
778,Kazakhstan,1995,597.219,KAZ
779,Kazakhstan,2000,372.892,KAZ
780,Kazakhstan,2005,527.233,KAZ
781,Kazakhstan,2010,638.425,KAZ
782,Kazakhstan,2015,739.358,KAZ
783,Kenya,1980,28.395,KEN
784,Kenya,1985,29.52,KEN
785,Kenya,1990,35.24,KEN
786,Kenya,1995,39.662,KEN
787,Kenya,2000,45.165,KEN
788,Kenya,2005,51.823,KEN
789,Kenya,2010,67.415,KEN
790,Kenya,2015,89.885,KEN
791,Kiribati,1980,0.099,KIR
792,Kiribati,1985,0.086,KIR
793,Kiribati,1990,0.076,KIR
794,Kiribati,1995,0.076,KIR
795,Kiribati,2000,0.146,KIR
796,Kiribati,2005,0.266,KIR
797,Kiribati,2010,0.263,KIR
798,Kiribati,2015,0.265,KIR
799,Kosovo,2010,27.731,OWID_KOS
800,Kosovo,2015,27.981,OWID_KOS
801,Kuwait,1980,88.107,KWT
802,Kuwait,1985,128.024,KWT
803,Kuwait,1990,79.178,KWT
804,Kuwait,1995,170.334,KWT
805,Kuwait,2000,229.627,KWT
806,Kuwait,2005,346.348,KWT
807,Kuwait,2010,391.745,KWT
808,Kuwait,2015,450.598,KWT
809,Kyrgyzstan,1995,51.917,KGZ
810,Kyrgyzstan,2000,70.775,KGZ
811,Kyrgyzstan,2005,58.963,KGZ
812,Kyrgyzstan,2010,60.772,KGZ
813,Kyrgyzstan,2015,67.842,KGZ
814,Laos,1980,4.389,LAO
815,Laos,1985,3.04,LAO
816,Laos,1990,3.318,LAO
817,Laos,1995,4.366,LAO
818,Laos,2000,14.177,LAO
819,Laos,2005,16.508,LAO
820,Laos,2010,34.01,LAO
821,Laos,2015,72.88,LAO
822,Latvia,1985,105.755,LVA
823,Latvia,1990,85.661,LVA
824,Latvia,1995,44.042,LVA
825,Latvia,2000,37.248,LVA
826,Latvia,2005,46.361,LVA
827,Latvia,2010,49.048,LVA
828,Latvia,2015,40.895,LVA
829,Lebanon,1980,30.269,LBN
830,Lebanon,1985,31.281,LBN
831,Lebanon,1990,20.452,LBN
832,Lebanon,1995,52.993,LBN
833,Lebanon,2000,59.198,LBN
834,Lebanon,2005,62.096,LBN
835,Lebanon,2010,78.009,LBN
836,Lebanon,2015,94.054,LBN
837,Lesotho,1980,0.587,LSO
838,Lesotho,1985,0.587,LSO
839,Lesotho,1990,0.689,LSO
840,Lesotho,1995,0.76,LSO
841,Lesotho,2000,2.433,LSO
842,Lesotho,2005,3.07,LSO
843,Lesotho,2010,4.205,LSO
844,Lesotho,2015,4.498,LSO
845,Liberia,1980,9.159,LBR
846,Liberia,1985,7.487,LBR
847,Liberia,1990,2.404,LBR
848,Liberia,1995,1.567,LBR
849,Liberia,2000,1.893,LBR
850,Liberia,2005,2.769,LBR
851,Liberia,2010,3.371,LBR
852,Liberia,2015,4.867,LBR
853,Libya,1980,116.587,LBY
854,Libya,1985,123.411,LBY
855,Libya,1990,149.022,LBY
856,Libya,1995,162.364,LBY
857,Libya,2000,213.117,LBY
858,Libya,2005,231.124,LBY
859,Libya,2010,266.824,LBY
860,Libya,2015,198.534,LBY
861,Lithuania,1985,180.057,LTU
862,Lithuania,1990,200.796,LTU
863,Lithuania,1995,97.82,LTU
864,Lithuania,2000,77.471,LTU
865,Lithuania,2005,92.801,LTU
866,Lithuania,2010,65.518,LTU
867,Lithuania,2015,63.385,LTU
868,Luxembourg,1980,38.94,LUX
869,Luxembourg,1985,32.268,LUX
870,Luxembourg,1990,37.134,LUX
871,Luxembourg,1995,33.911,LUX
872,Luxembourg,2000,37.168,LUX
873,Luxembourg,2005,52.502,LUX
874,Luxembourg,2010,50.036,LUX
875,Luxembourg,2015,42.91,LUX
876,Madagascar,1980,5.473,MDG
877,Madagascar,1985,6.036,MDG
878,Madagascar,1990,4.838,MDG
879,Madagascar,1995,6.282,MDG
880,Madagascar,2000,9.559,MDG
881,Madagascar,2005,9.74,MDG
882,Madagascar,2010,10.171,MDG
883,Madagascar,2015,16.6,MDG
884,Malawi,1980,3.342,MWI
885,Malawi,1985,3.619,MWI
886,Malawi,1990,4.631,MWI
887,Malawi,1995,5.832,MWI
888,Malawi,2000,6.573,MWI
889,Malawi,2005,6.991,MWI
890,Malawi,2010,9.317,MWI
891,Malawi,2015,6.689,MWI
892,Malaysia,1980,127.406,MYS
893,Malaysia,1985,173.969,MYS
894,Malaysia,1990,257.371,MYS
895,Malaysia,1995,399.785,MYS
896,Malaysia,2000,609.782,MYS
897,Malaysia,2005,812.212,MYS
898,Malaysia,2010,930.771,MYS
899,Malaysia,2015,1110.028,MYS
900,Maldives,1980,0.062,MDV
901,Maldives,1985,0.265,MDV
902,Maldives,1990,0.422,MDV
903,Maldives,1995,1.362,MDV
904,Maldives,2000,2.864,MDV
905,Maldives,2005,2.957,MDV
906,Maldives,2010,4.533,MDV
907,Maldives,2015,6.613,MDV
908,Mali,1980,1.997,MLI
909,Mali,1985,2.433,MLI
910,Mali,1990,2.447,MLI
911,Mali,1995,2.68,MLI
912,Mali,2000,4.375,MLI
913,Mali,2005,5.358,MLI
914,Mali,2010,11.995,MLI
915,Mali,2015,15.696,MLI
916,Malta,1980,5.573,MLT
917,Malta,1985,5.303,MLT
918,Malta,1990,8.937,MLT
919,Malta,1995,10.005,MLT
920,Malta,2000,18.53,MLT
921,Malta,2005,20.73,MLT
922,Malta,2010,30.417,MLT
923,Malta,2015,28.165,MLT
924,Martinique,1980,2.64,MTQ
925,Martinique,1985,2.933,MTQ
926,Martinique,1990,6.398,MTQ
927,Martinique,1995,8.033,MTQ
928,Martinique,2000,9.417,MTQ
929,Martinique,2005,9.522,MTQ
930,Martinique,2010,9.873,MTQ
931,Martinique,2015,10.811,MTQ
932,Mauritania,1980,2.758,MRT
933,Mauritania,1985,3.663,MRT
934,Mauritania,1990,3.991,MRT
935,Mauritania,1995,13.997,MRT
936,Mauritania,2000,5.044,MRT
937,Mauritania,2005,6.516,MRT
938,Mauritania,2010,8.764,MRT
939,Mauritania,2015,11.478,MRT
940,Mauritius,1980,4.048,MUS
941,Mauritius,1985,4.102,MUS
942,Mauritius,1990,7.936,MUS
943,Mauritius,1995,10.33,MUS
944,Mauritius,2000,15.983,MUS
945,Mauritius,2005,18.121,MUS
946,Mauritius,2010,21.039,MUS
947,Mauritius,2015,23.355,MUS
948,Mexico,1980,903.239,MEX
949,Mexico,1985,1129.204,MEX
950,Mexico,1990,1267.818,MEX
951,Mexico,1995,1401.72,MEX
952,Mexico,2000,1628.18,MEX
953,Mexico,2005,1877.926,MEX
954,Mexico,2010,2030.266,MEX
955,Mexico,2015,2135.641,MEX
956,Moldova,1995,39.131,MDA
957,Moldova,2000,31.919,MDA
958,Moldova,2005,37.033,MDA
959,Moldova,2010,32.659,MDA
960,Moldova,2015,38.321,MDA
961,Mongolia,1980,33.729,MNG
962,Mongolia,1985,42.812,MNG
963,Mongolia,1990,44.47,MNG
964,Mongolia,1995,34.35,MNG
965,Mongolia,2000,33.091,MNG
966,Mongolia,2005,36.0,MNG
967,Mongolia,2010,46.61,MNG
968,Mongolia,2015,56.426,MNG
969,Montenegro,2010,16.806,MNE
970,Montenegro,2015,12.568,MNE
971,Montserrat,1980,0.075,MSR
972,Montserrat,1985,0.09,MSR
973,Montserrat,1990,0.075,MSR
974,Montserrat,1995,0.194,MSR
975,Montserrat,2000,0.116,MSR
976,Montserrat,2005,0.168,MSR
977,Montserrat,2010,0.271,MSR
978,Montserrat,2015,0.241,MSR
979,Morocco,1980,60.504,MAR
980,Morocco,1985,65.216,MAR
981,Morocco,1990,82.537,MAR
982,Morocco,1995,102.342,MAR
983,Morocco,2000,117.323,MAR
984,Morocco,2005,160.884,MAR
985,Morocco,2010,193.769,MAR
986,Morocco,2015,219.376,MAR
987,Mozambique,1980,46.525,MOZ
988,Mozambique,1985,8.639,MOZ
989,Mozambique,1990,5.089,MOZ
990,Mozambique,1995,5.428,MOZ
991,Mozambique,2000,34.467,MOZ
992,Mozambique,2005,45.579,MOZ
993,Mozambique,2010,57.715,MOZ
994,Mozambique,2015,85.697,MOZ
995,Namibia,1990,9.581,NAM
996,Namibia,1995,8.482,NAM
997,Namibia,2000,11.934,NAM
998,Namibia,2005,14.566,NAM
999,Namibia,2010,16.148,NAM
1000,Namibia,2015,20.082,NAM
1001,Nauru,1980,0.587,NRU
1002,Nauru,1985,0.587,NRU
1003,Nauru,1990,0.559,NRU
1004,Nauru,1995,0.626,NRU
1005,Nauru,2000,0.458,NRU
1006,Nauru,2005,0.321,NRU
1007,Nauru,2010,0.238,NRU
1008,Nauru,2015,0.286,NRU
1009,Nepal,1980,2.068,NPL
1010,Nepal,1985,2.955,NPL
1011,Nepal,1990,5.294,NPL
1012,Nepal,1995,8.096,NPL
1013,Nepal,2000,14.403,NPL
1014,Nepal,2005,17.488,NPL
1015,Nepal,2010,22.936,NPL
1016,Nepal,2015,25.977,NPL
1017,Netherlands,1980,871.521,NLD
1018,Netherlands,1985,822.433,NLD
1019,Netherlands,1990,910.223,NLD
1020,Netherlands,1995,974.228,NLD
1021,Netherlands,2000,1005.576,NLD
1022,Netherlands,2005,1108.981,NLD
1023,Netherlands,2010,1137.616,NLD
1024,Netherlands,2015,976.851,NLD
1025,Netherlands Antilles,1980,69.813,ANT
1026,Netherlands Antilles,1985,45.466,ANT
1027,Netherlands Antilles,1990,43.145,ANT
1028,Netherlands Antilles,1995,44.725,ANT
1029,Netherlands Antilles,2000,54.762,ANT
1030,Netherlands Antilles,2005,58.4,ANT
1031,Netherlands Antilles,2010,51.475,ANT
1032,Netherlands Antilles,2015,56.306,ANT
1033,New Caledonia,1980,8.145,NCL
1034,New Caledonia,1985,6.807,NCL
1035,New Caledonia,1990,7.428,NCL
1036,New Caledonia,1995,7.734,NCL
1037,New Caledonia,2000,9.978,NCL
1038,New Caledonia,2005,11.93,NCL
1039,New Caledonia,2010,14.844,NCL
1040,New Caledonia,2015,19.363,NCL
1041,New Zealand,1980,129.671,NZL
1042,New Zealand,1985,149.014,NZL
1043,New Zealand,1990,182.149,NZL
1044,New Zealand,1995,210.038,NZL
1045,New Zealand,2000,225.129,NZL
1046,New Zealand,2005,224.107,NZL
1047,New Zealand,2010,230.622,NZL
1048,New Zealand,2015,247.011,NZL
1049,Nicaragua,1980,9.46,NIC
1050,Nicaragua,1985,10.109,NIC
1051,Nicaragua,1990,10.452,NIC
1052,Nicaragua,1995,12.967,NIC
1053,Nicaragua,2000,16.144,NIC
1054,Nicaragua,2005,19.699,NIC
1055,Nicaragua,2010,21.68,NIC
1056,Nicaragua,2015,28.146,NIC
1057,Niger,1980,2.465,NER
1058,Niger,1985,2.657,NER
1059,Niger,1990,3.546,NER
1060,Niger,1995,3.853,NER
1061,Niger,2000,3.116,NER
1062,Niger,2005,3.593,NER
1063,Niger,2010,6.345,NER
1064,Niger,2015,9.386,NER
1065,Nigeria,1980,123.501,NGA
1066,Nigeria,1985,175.033,NGA
1067,Nigeria,1990,203.516,NGA
1068,Nigeria,1995,241.728,NGA
1069,Nigeria,2000,223.889,NGA
1070,Nigeria,2005,316.859,NGA
1071,Nigeria,2010,244.412,NGA
1072,Nigeria,2015,424.344,NGA
1073,Niue,1980,0.013,NIU
1074,Niue,1985,0.013,NIU
1075,Niue,1990,0.013,NIU
1076,Niue,1995,0.013,NIU
1077,Niue,2000,0.028,NIU
1078,Niue,2005,0.027,NIU
1079,Niue,2010,0.024,NIU
1080,Niue,2015,0.032,NIU
1081,North Korea,1980,271.708,PRK
1082,North Korea,1985,270.732,PRK
1083,North Korea,1990,267.584,PRK
1084,North Korea,1995,281.409,PRK
1085,North Korea,2000,261.342,PRK
1086,North Korea,2005,255.236,PRK
1087,North Korea,2010,194.347,PRK
1088,North Korea,2015,99.374,PRK
1089,North Macedonia,1990,29.572,MKD
1090,North Macedonia,1995,28.508,MKD
1091,North Macedonia,2000,30.638,MKD
1092,North Macedonia,2005,32.288,MKD
1093,North Macedonia,2010,33.482,MKD
1094,North Macedonia,2015,29.142,MKD
1095,Northern Mariana Islands,1980,0.0,MNP
1096,Northern Mariana Islands,1985,0.0,MNP
1097,Northern Mariana Islands,1990,0.0,MNP
1098,Northern Mariana Islands,1995,0.0,MNP
1099,Northern Mariana Islands,2000,0.0,MNP
1100,Northern Mariana Islands,2005,0.0,MNP
1101,Northern Mariana Islands,2010,0.0,MNP
1102,Northern Mariana Islands,2015,0.0,MNP
1103,Norway,1980,363.918,NOR
1104,Norway,1985,417.095,NOR
1105,Norway,1990,473.599,NOR
1106,Norway,1995,486.892,NOR
1107,Norway,2000,554.982,NOR
1108,Norway,2005,536.974,NOR
1109,Norway,2010,482.599,NOR
1110,Norway,2015,526.141,NOR
1111,Oman,1980,17.058,OMN
1112,Oman,1985,33.571,OMN
1113,Oman,1990,48.864,OMN
1114,Oman,1995,65.9,OMN
1115,Oman,2000,114.527,OMN
1116,Oman,2005,159.327,OMN
1117,Oman,2010,239.875,OMN
1118,Oman,2015,334.81,OMN
1119,Pakistan,1980,153.151,PAK
1120,Pakistan,1985,215.807,PAK
1121,Pakistan,1990,302.411,PAK
1122,Pakistan,1995,406.572,PAK
1123,Pakistan,2000,480.167,PAK
1124,Pakistan,2005,640.708,PAK
1125,Pakistan,2010,735.584,PAK
1126,Pakistan,2015,811.82,PAK
1127,Palestine,2000,3.505,PSE
1128,Palestine,2005,11.628,PSE
1129,Palestine,2010,8.796,PSE
1130,Palestine,2015,14.441,PSE
1131,Panama,1980,53.586,PAN
1132,Panama,1985,47.963,PAN
1133,Panama,1990,52.263,PAN
1134,Panama,1995,62.023,PAN
1135,Panama,2000,66.482,PAN
1136,Panama,2005,68.959,PAN
1137,Panama,2010,91.311,PAN
1138,Panama,2015,108.946,PAN
1139,Papua New Guinea,1980,8.518,PNG
1140,Papua New Guinea,1985,10.29,PNG
1141,Papua New Guinea,1990,11.113,PNG
1142,Papua New Guinea,1995,13.045,PNG
1143,Papua New Guinea,2000,14.983,PNG
1144,Papua New Guinea,2005,22.11,PNG
1145,Papua New Guinea,2010,24.284,PNG
1146,Papua New Guinea,2015,26.838,PNG
1147,Paraguay,1980,7.911,PRY
1148,Paraguay,1985,17.873,PRY
1149,Paraguay,1990,87.442,PRY
1150,Paraguay,1995,132.787,PRY
1151,Paraguay,2000,165.059,PRY
1152,Paraguay,2005,159.426,PRY
1153,Paraguay,2010,173.559,PRY
1154,Paraguay,2015,183.254,PRY
1155,Peru,1980,106.464,PER
1156,Peru,1985,103.181,PER
1157,Peru,1990,105.196,PER
1158,Peru,1995,131.503,PER
1159,Peru,2000,145.79,PER
1160,Peru,2005,161.846,PER
1161,Peru,2010,222.855,PER
1162,Peru,2015,283.747,PER
1163,Philippines,1980,145.536,PHL
1164,Philippines,1985,133.358,PHL
1165,Philippines,1990,182.2,PHL
1166,Philippines,1995,250.668,PHL
1167,Philippines,2000,299.332,PHL
1168,Philippines,2005,312.225,PHL
1169,Philippines,2010,339.083,PHL
1170,Philippines,2015,441.228,PHL
1171,Poland,1980,1495.108,POL
1172,Poland,1985,1465.947,POL
1173,Poland,1990,1210.054,POL
1174,Poland,1995,1108.357,POL
1175,Poland,2000,1017.055,POL
1176,Poland,2005,1063.204,POL
1177,Poland,2010,1161.828,POL
1178,Poland,2015,1104.381,POL
1179,Portugal,1980,127.236,PRT
1180,Portugal,1985,148.492,PRT
1181,Portugal,1990,196.537,PRT
1182,Portugal,1995,241.297,PRT
1183,Portugal,2000,290.721,PRT
1184,Portugal,2005,294.995,PRT
1185,Portugal,2010,299.251,PRT
1186,Portugal,2015,285.767,PRT
1187,Puerto Rico,1980,65.116,PRI
1188,Puerto Rico,1985,65.541,PRI
1189,Puerto Rico,1990,66.255,PRI
1190,Puerto Rico,1995,66.581,PRI
1191,Puerto Rico,2000,128.84,PRI
1192,Puerto Rico,2005,147.086,PRI
1193,Puerto Rico,2010,94.76,PRI
1194,Puerto Rico,2015,91.893,PRI
1195,Qatar,1980,57.593,QAT
1196,Qatar,1985,78.766,QAT
1197,Qatar,1990,86.296,QAT
1198,Qatar,1995,161.397,QAT
1199,Qatar,2000,134.408,QAT
1200,Qatar,2005,224.39,QAT
1201,Qatar,2010,336.018,QAT
1202,Qatar,2015,568.712,QAT
1203,Reunion,1980,3.503,REU
1204,Reunion,1985,4.9,REU
1205,Reunion,1990,6.623,REU
1206,Reunion,1995,9.428,REU
1207,Reunion,2000,11.082,REU
1208,Reunion,2005,12.144,REU
1209,Reunion,2010,13.085,REU
1210,Reunion,2015,13.094,REU
1211,Romania,1980,729.582,ROU
1212,Romania,1985,712.626,ROU
1213,Romania,1990,733.171,ROU
1214,Romania,1995,551.812,ROU
1215,Romania,2000,417.358,ROU
1216,Romania,2005,454.465,ROU
1217,Romania,2010,394.851,ROU
1218,Romania,2015,377.333,ROU
1219,Russia,1980,13668.878,RUS
1220,Russia,1985,9520.589,RUS
1221,Russia,1990,10039.125,RUS
1222,Russia,1995,7664.493,RUS
1223,Russia,2000,7176.87,RUS
1224,Russia,2005,7466.054,RUS
1225,Russia,2010,7776.155,RUS
1226,Russia,2015,7816.769,RUS
1227,Rwanda,1980,0.904,RWA
1228,Rwanda,1985,3.396,RWA
1229,Rwanda,1990,3.484,RWA
1230,Rwanda,1995,3.399,RWA
1231,Rwanda,2000,2.596,RWA
1232,Rwanda,2005,2.41,RWA
1233,Rwanda,2010,2.949,RWA
1234,Rwanda,2015,4.917,RWA
1235,Saint Helena,1980,0.0,SHN
1236,Saint Helena,1985,0.013,SHN
1237,Saint Helena,1990,0.026,SHN
1238,Saint Helena,1995,0.013,SHN
1239,Saint Helena,2000,0.051,SHN
1240,Saint Helena,2005,0.043,SHN
1241,Saint Helena,2010,0.044,SHN
1242,Saint Helena,2015,0.04,SHN
1243,Saint Kitts and Nevis,1980,0.219,KNA
1244,Saint Kitts and Nevis,1985,0.219,KNA
1245,Saint Kitts and Nevis,1990,0.22,KNA
1246,Saint Kitts and Nevis,1995,0.36,KNA
1247,Saint Kitts and Nevis,2000,0.772,KNA
1248,Saint Kitts and Nevis,2005,0.881,KNA
1249,Saint Kitts and Nevis,2010,1.011,KNA
1250,Saint Kitts and Nevis,2015,1.072,KNA
1251,Saint Lucia,1980,0.587,LCA
1252,Saint Lucia,1985,0.587,LCA
1253,Saint Lucia,1990,0.733,LCA
1254,Saint Lucia,1995,0.865,LCA
1255,Saint Lucia,2000,1.466,LCA
1256,Saint Lucia,2005,1.646,LCA
1257,Saint Lucia,2010,1.799,LCA
1258,Saint Lucia,2015,1.843,LCA
1259,Saint Pierre and Miquelon,1980,0.587,SPM
1260,Saint Pierre and Miquelon,1985,0.587,SPM
1261,Saint Pierre and Miquelon,1990,1.012,SPM
1262,Saint Pierre and Miquelon,1995,0.322,SPM
1263,Saint Pierre and Miquelon,2000,0.282,SPM
1264,Saint Pierre and Miquelon,2005,0.346,SPM
1265,Saint Pierre and Miquelon,2010,0.377,SPM
1266,Saint Pierre and Miquelon,2015,0.399,SPM
1267,Saint Vincent and the Grenadines,1980,0.211,VCT
1268,Saint Vincent and the Grenadines,1985,0.243,VCT
1269,Saint Vincent and the Grenadines,1990,0.362,VCT
1270,Saint Vincent and the Grenadines,1995,0.63,VCT
1271,Saint Vincent and the Grenadines,2000,0.698,VCT
1272,Saint Vincent and the Grenadines,2005,1.018,VCT
1273,Saint Vincent and the Grenadines,2010,1.026,VCT
1274,Saint Vincent and the Grenadines,2015,1.022,VCT
1275,Samoa,1980,0.313,WSM
1276,Samoa,1985,0.635,WSM
1277,Samoa,1990,0.592,WSM
1278,Samoa,1995,0.609,WSM
1279,Samoa,2000,0.797,WSM
1280,Samoa,2005,0.934,WSM
1281,Samoa,2010,1.097,WSM
1282,Samoa,2015,1.515,WSM
1283,Sao Tome and Principe,1980,0.158,STP
1284,Sao Tome and Principe,1985,0.165,STP
1285,Sao Tome and Principe,1990,0.279,STP
1286,Sao Tome and Principe,1995,0.357,STP
1287,Sao Tome and Principe,2000,0.291,STP
1288,Sao Tome and Principe,2005,0.412,STP
1289,Sao Tome and Principe,2010,0.563,STP
1290,Sao Tome and Principe,2015,0.64,STP
1291,Saudi Arabia,1980,419.942,SAU
1292,Saudi Arabia,1985,729.747,SAU
1293,Saudi Arabia,1990,928.35,SAU
1294,Saudi Arabia,1995,1130.007,SAU
1295,Saudi Arabia,2000,1334.906,SAU
1296,Saudi Arabia,2005,1814.511,SAU
1297,Saudi Arabia,2010,2476.789,SAU
1298,Saudi Arabia,2015,3009.485,SAU
1299,Senegal,1980,10.853,SEN
1300,Senegal,1985,12.027,SEN
1301,Senegal,1990,10.636,SEN
1302,Senegal,1995,16.201,SEN
1303,Senegal,2000,19.913,SEN
1304,Senegal,2005,24.907,SEN
1305,Senegal,2010,26.622,SEN
1306,Senegal,2015,32.902,SEN
1307,Serbia,1995,136.254,SRB
1308,Serbia,2000,177.629,SRB
1309,Serbia,2005,212.204,SRB
1310,Serbia,2010,194.023,SRB
1311,Serbia,2015,185.788,SRB
1312,Seychelles,1980,0.88,SYC
1313,Seychelles,1985,1.173,SYC
1314,Seychelles,1990,1.807,SYC
1315,Seychelles,1995,2.162,SYC
1316,Seychelles,2000,3.764,SYC
1317,Seychelles,2005,4.472,SYC
1318,Seychelles,2010,4.197,SYC
1319,Seychelles,2015,4.536,SYC
1320,Sierra Leone,1980,3.227,SLE
1321,Sierra Leone,1985,3.52,SLE
1322,Sierra Leone,1990,4.281,SLE
1323,Sierra Leone,1995,3.573,SLE
1324,Sierra Leone,2000,1.731,SLE
1325,Sierra Leone,2005,2.059,SLE
1326,Sierra Leone,2010,2.906,SLE
1327,Sierra Leone,2015,4.476,SLE
1328,Singapore,1980,111.571,SGP
1329,Singapore,1985,141.894,SGP
1330,Singapore,1990,273.069,SGP
1331,Singapore,1995,388.84,SGP
1332,Singapore,2000,442.913,SGP
1333,Singapore,2005,548.997,SGP
1334,Singapore,2010,797.533,SGP
1335,Singapore,2015,931.024,SGP
1336,Slovakia,1980,218.377,SVK
1337,Slovakia,1985,238.728,SVK
1338,Slovakia,1990,247.298,SVK
1339,Slovakia,1995,208.192,SVK
1340,Slovakia,2000,216.435,SVK
1341,Slovakia,2005,223.357,SVK
1342,Slovakia,2010,202.686,SVK
1343,Slovakia,2015,180.321,SVK
1344,Slovenia,1990,68.489,SVN
1345,Slovenia,1995,73.629,SVN
1346,Slovenia,2000,77.626,SVN
1347,Slovenia,2005,84.191,SVN
1348,Slovenia,2010,85.454,SVN
1349,Slovenia,2015,73.68,SVN
1350,Solomon Islands,1980,0.293,SLB
1351,Solomon Islands,1985,0.587,SLB
1352,Solomon Islands,1990,0.705,SLB
1353,Solomon Islands,1995,0.705,SLB
1354,Solomon Islands,2000,0.754,SLB
1355,Solomon Islands,2005,0.795,SLB
1356,Solomon Islands,2010,0.896,SLB
1357,Solomon Islands,2015,0.95,SLB
1358,Somalia,1980,4.987,SOM
1359,Somalia,1985,5.573,SOM
1360,Somalia,1990,4.072,SOM
1361,Somalia,1995,2.373,SOM
1362,Somalia,2000,2.969,SOM
1363,Somalia,2005,3.297,SOM
1364,Somalia,2010,3.408,SOM
1365,Somalia,2015,3.428,SOM
1366,South Africa,1980,645.687,ZAF
1367,South Africa,1985,914.128,ZAF
1368,South Africa,1990,1028.984,ZAF
1369,South Africa,1995,1116.747,ZAF
1370,South Africa,2000,1184.21,ZAF
1371,South Africa,2005,1298.798,ZAF
1372,South Africa,2010,1469.012,ZAF
1373,South Africa,2015,1401.575,ZAF
1374,South Korea,1980,453.48,KOR
1375,South Korea,1985,622.599,KOR
1376,South Korea,1990,1062.039,KOR
1377,South Korea,1995,1752.338,KOR
1378,South Korea,2000,2267.122,KOR
1379,South Korea,2005,2631.275,KOR
1380,South Korea,2010,3038.15,KOR
1381,South Korea,2015,3297.267,KOR
1382,South Sudan,2015,4.406,SSD
1383,Spain,1980,881.261,ESP
1384,Spain,1985,914.748,ESP
1385,Spain,1990,1060.876,ESP
1386,Spain,1995,1212.368,ESP
1387,Spain,2000,1517.746,ESP
1388,Spain,2005,1783.585,ESP
1389,Spain,2010,1697.972,ESP
1390,Spain,2015,1559.068,ESP
1391,Sri Lanka,1980,16.305,LKA
1392,Sri Lanka,1985,20.532,LKA
1393,Sri Lanka,1990,24.132,LKA
1394,Sri Lanka,1995,34.856,LKA
1395,Sri Lanka,2000,49.674,LKA
1396,Sri Lanka,2005,57.395,LKA
1397,Sri Lanka,2010,65.618,LKA
1398,Sri Lanka,2015,80.807,LKA
1399,Sudan,1980,16.618,SDN
1400,Sudan,1985,19.281,SDN
1401,Sudan,1990,19.878,SDN
1402,Sudan,1995,20.502,SDN
1403,Sudan,2000,32.084,SDN
1404,Sudan,2005,53.16,SDN
1405,Sudan,2010,87.537,SDN
1406,Sudan,2015,89.25,SDN
1407,Suriname,1980,11.624,SUR
1408,Suriname,1985,8.029,SUR
1409,Suriname,1990,9.838,SUR
1410,Suriname,1995,9.724,SUR
1411,Suriname,2000,8.274,SUR
1412,Suriname,2005,9.304,SUR
1413,Suriname,2010,13.787,SUR
1414,Suriname,2015,13.047,SUR
1415,Sweden,1980,628.598,SWE
1416,Sweden,1985,674.658,SWE
1417,Sweden,1990,664.438,SWE
1418,Sweden,1995,635.061,SWE
1419,Sweden,2000,620.183,SWE
1420,Sweden,2005,660.353,SWE
1421,Sweden,2010,599.833,SWE
1422,Sweden,2015,604.473,SWE
1423,Switzerland,1980,300.304,CHE
1424,Switzerland,1985,316.543,CHE
1425,Switzerland,1990,324.702,CHE
1426,Switzerland,1995,335.977,CHE
1427,Switzerland,2000,355.818,CHE
1428,Switzerland,2005,331.508,CHE
1429,Switzerland,2010,341.46,CHE
1430,Switzerland,2015,327.336,CHE
1431,Syria,1980,79.804,SYR
1432,Syria,1985,112.358,SYR
1433,Syria,1990,163.638,SYR
1434,Syria,1995,177.533,SYR
1435,Syria,2000,217.392,SYR
1436,Syria,2005,284.773,SYR
1437,Syria,2010,300.974,SYR
1438,Syria,2015,132.887,SYR
1439,Taiwan,1980,313.656,TWN
1440,Taiwan,1985,411.451,TWN
1441,Taiwan,1990,593.787,TWN
1442,Taiwan,1995,785.263,TWN
1443,Taiwan,2000,1038.009,TWN
1444,Taiwan,2005,1237.824,TWN
1445,Taiwan,2010,1294.882,TWN
1446,Taiwan,2015,1324.653,TWN
1447,Tajikistan,1995,58.097,TJK
1448,Tajikistan,2000,55.545,TJK
1449,Tajikistan,2005,67.885,TJK
1450,Tajikistan,2010,57.023,TJK
1451,Tajikistan,2015,67.122,TJK
1452,Tanzania,1980,11.334,TZA
1453,Tanzania,1985,12.306,TZA
1454,Tanzania,1990,15.656,TZA
1455,Tanzania,1995,14.015,TZA
1456,Tanzania,2000,17.171,TZA
1457,Tanzania,2005,28.7,TZA
1458,Tanzania,2010,38.03,TZA
1459,Tanzania,2015,60.898,TZA
1460,Thailand,1980,146.451,THA
1461,Thailand,1985,193.493,THA
1462,Thailand,1990,360.685,THA
1463,Thailand,1995,615.374,THA
1464,Thailand,2000,742.627,THA
1465,Thailand,2005,1031.474,THA
1466,Thailand,2010,1218.402,THA
1467,Thailand,2015,1457.139,THA
1468,Timor,2005,0.76,TLS
1469,Timor,2010,1.028,TLS
1470,Timor,2015,2.138,TLS
1471,Togo,1980,2.749,TGO
1472,Togo,1985,2.857,TGO
1473,Togo,1990,2.675,TGO
1474,Togo,1995,3.226,TGO
1475,Togo,2000,4.309,TGO
1476,Togo,2005,4.902,TGO
1477,Togo,2010,10.87,TGO
1478,Togo,2015,9.847,TGO
1479,Tonga,1980,0.127,TON
1480,Tonga,1985,0.194,TON
1481,Tonga,1990,0.393,TON
1482,Tonga,1995,0.465,TON
1483,Tonga,2000,0.439,TON
1484,Tonga,2005,0.52,TON
1485,Tonga,2010,0.535,TON
1486,Tonga,2015,0.561,TON
1487,Trinidad and Tobago,1980,47.94,TTO
1488,Trinidad and Tobago,1985,59.095,TTO
1489,Trinidad and Tobago,1990,69.587,TTO
1490,Trinidad and Tobago,1995,88.958,TTO
1491,Trinidad and Tobago,2000,118.827,TTO
1492,Trinidad and Tobago,2005,183.928,TTO
1493,Trinidad and Tobago,2010,233.87,TTO
1494,Trinidad and Tobago,2015,222.302,TTO
1495,Tunisia,1980,37.202,TUN
1496,Tunisia,1985,49.426,TUN
1497,Tunisia,1990,57.901,TUN
1498,Tunisia,1995,61.749,TUN
1499,Tunisia,2000,88.213,TUN
1500,Tunisia,2005,106.741,TUN
1501,Tunisia,2010,88.83,TUN
1502,Tunisia,2015,112.028,TUN
1503,Turkey,1980,296.408,TUR
1504,Turkey,1985,383.934,TUR
1505,Turkey,1990,557.845,TUR
1506,Turkey,1995,704.11,TUR
1507,Turkey,2000,859.066,TUR
1508,Turkey,2005,989.854,TUR
1509,Turkey,2010,1250.386,TUR
1510,Turkey,2015,1589.786,TUR
1511,Turkmenistan,1985,143.104,TKM
1512,Turkmenistan,1990,151.891,TKM
1513,Turkmenistan,1995,107.379,TKM
1514,Turkmenistan,2000,119.82,TKM
1515,Turkmenistan,2005,176.6,TKM
1516,Turkmenistan,2010,249.566,TKM
1517,Turkmenistan,2015,332.822,TKM
1518,Turks and Caicos Islands,1980,0.0,TCA
1519,Turks and Caicos Islands,1985,0.0,TCA
1520,Turks and Caicos Islands,1990,0.0,TCA
1521,Turks and Caicos Islands,1995,0.055,TCA
1522,Turks and Caicos Islands,2000,0.289,TCA
1523,Turks and Caicos Islands,2005,0.51,TCA
1524,Turks and Caicos Islands,2010,0.765,TCA
1525,Turks and Caicos Islands,2015,0.854,TCA
1526,USSR,1980,13414.258,OWID_USS
1527,Uganda,1980,4.742,UGA
1528,Uganda,1985,4.141,UGA
1529,Uganda,1990,5.677,UGA
1530,Uganda,1995,7.134,UGA
1531,Uganda,2000,10.226,UGA
1532,Uganda,2005,13.586,UGA
1533,Uganda,2010,19.556,UGA
1534,Uganda,2015,26.354,UGA
1535,Ukraine,1985,2775.558,UKR
1536,Ukraine,1990,3171.154,UKR
1537,Ukraine,1995,1764.668,UKR
1538,Ukraine,2000,1581.464,UKR
1539,Ukraine,2005,1592.879,UKR
1540,Ukraine,2010,1410.535,UKR
1541,Ukraine,2015,986.319,UKR
1542,United Arab Emirates,1980,108.279,ARE
1543,United Arab Emirates,1985,203.431,ARE
1544,United Arab Emirates,1990,347.018,ARE
1545,United Arab Emirates,1995,487.283,ARE
1546,United Arab Emirates,2000,538.872,ARE
1547,United Arab Emirates,2005,708.238,ARE
1548,United Arab Emirates,2010,974.42,ARE
1549,United Arab Emirates,2015,1245.817,ARE
1550,United Kingdom,1980,2378.207,GBR
1551,United Kingdom,1985,2386.37,GBR
1552,United Kingdom,1990,2503.302,GBR
1553,United Kingdom,1995,2545.649,GBR
1554,United Kingdom,2000,2659.165,GBR
1555,United Kingdom,2005,2708.794,GBR
1556,United Kingdom,2010,2482.843,GBR
1557,United Kingdom,2015,2252.941,GBR
1558,United States,1980,20717.494,USA
1559,United States,1985,20156.714,USA
1560,United States,1990,22498.158,USA
1561,United States,1995,24222.295,USA
1562,United States,2000,26427.463,USA
1563,United States,2005,26788.164,USA
1564,United States,2010,25825.74,USA
1565,United States,2015,25596.966,USA
1566,United States Virgin Islands,1980,11.733,VIR
1567,United States Virgin Islands,1985,11.733,VIR
1568,United States Virgin Islands,1990,12.739,VIR
1569,United States Virgin Islands,1995,13.914,VIR
1570,United States Virgin Islands,2000,40.656,VIR
1571,United States Virgin Islands,2005,65.881,VIR
1572,United States Virgin Islands,2010,29.954,VIR
1573,United States Virgin Islands,2015,12.116,VIR
1574,Uruguay,1980,31.68,URY
1575,Uruguay,1985,33.2,URY
1576,Uruguay,1990,39.39,URY
1577,Uruguay,1995,35.267,URY
1578,Uruguay,2000,46.783,URY
1579,Uruguay,2005,47.54,URY
1580,Uruguay,2010,61.102,URY
1581,Uruguay,2015,67.251,URY
1582,Uzbekistan,1985,481.675,UZB
1583,Uzbekistan,1990,507.738,UZB
1584,Uzbekistan,1995,507.293,UZB
1585,Uzbekistan,2000,595.092,UZB
1586,Uzbekistan,2005,558.444,UZB
1587,Uzbekistan,2010,517.172,UZB
1588,Uzbekistan,2015,525.034,UZB
1589,Vanuatu,1980,0.587,VUT
1590,Vanuatu,1985,0.587,VUT
1591,Vanuatu,1990,0.484,VUT
1592,Vanuatu,1995,0.212,VUT
1593,Vanuatu,2000,0.382,VUT
1594,Vanuatu,2005,0.384,VUT
1595,Vanuatu,2010,0.68,VUT
1596,Vanuatu,2015,0.668,VUT
1597,Venezuela,1980,453.61,VEN
1598,Venezuela,1985,499.715,VEN
1599,Venezuela,1990,596.927,VEN
1600,Venezuela,1995,718.177,VEN
1601,Venezuela,2000,771.513,VEN
1602,Venezuela,2005,852.056,VEN
1603,Venezuela,2010,924.642,VEN
1604,Venezuela,2015,915.161,VEN
1605,Vietnam,1980,53.883,VNM
1606,Vietnam,1985,60.493,VNM
1607,Vietnam,1990,75.844,VNM
1608,Vietnam,1995,124.422,VNM
1609,Vietnam,2000,209.652,VNM
1610,Vietnam,2005,362.478,VNM
1611,Vietnam,2010,520.243,VNM
1612,Vietnam,2015,804.326,VNM
1613,Western Sahara,1980,0.587,ESH
1614,Western Sahara,1985,0.88,ESH
1615,Western Sahara,1990,0.866,ESH
1616,Western Sahara,1995,0.933,ESH
1617,Western Sahara,2000,1.07,ESH
1618,Western Sahara,2005,1.07,ESH
1619,Western Sahara,2010,1.07,ESH
1620,Western Sahara,2015,1.07,ESH
1621,World,1980,77628.384,OWID_WRL
1622,World,1985,83952.22,OWID_WRL
1623,World,1990,95062.948,OWID_WRL
1624,World,1995,100421.001,OWID_WRL
1625,World,2000,109583.378,OWID_WRL
1626,World,2005,126965.866,OWID_WRL
1627,World,2010,140562.373,OWID_WRL
1628,World,2015,150882.037,OWID_WRL
1629,Yemen,1980,28.16,YEM
1630,Yemen,1985,43.12,YEM
1631,Yemen,1990,47.102,YEM
1632,Yemen,1995,44.21,YEM
1633,Yemen,2000,60.187,YEM
1634,Yemen,2005,83.354,YEM
1635,Yemen,2010,99.821,YEM
1636,Yemen,2015,73.622,YEM
1637,Yugoslavia,1980,483.67,OWID_YGS
1638,Yugoslavia,1985,637.354,OWID_YGS
1639,Yugoslavia,1990,620.156,OWID_YGS
1640,Zambia,1980,39.885,ZMB
1641,Zambia,1985,38.877,ZMB
1642,Zambia,1990,32.965,ZMB
1643,Zambia,1995,29.92,ZMB
1644,Zambia,2000,29.394,ZMB
1645,Zambia,2005,34.508,ZMB
1646,Zambia,2010,38.543,ZMB
1647,Zambia,2015,51.996,ZMB
1648,Zimbabwe,1980,38.612,ZWE
1649,Zimbabwe,1985,40.26,ZWE
1650,Zimbabwe,1990,58.829,ZWE
1651,Zimbabwe,1995,52.068,ZWE
1652,Zimbabwe,2000,54.651,ZWE
1653,Zimbabwe,2005,48.69,ZWE
1654,Zimbabwe,2010,46.599,ZWE
1655,Zimbabwe,2015,55.642,ZWE
