,country,year,population,iso_alpha
0,Afghanistan,1980,13356500,AFG
1,Afghanistan,1985,11938204,AFG
2,Afghanistan,1990,12412311,AFG
3,Afghanistan,1995,18110662,AFG
4,Afghanistan,2000,20779957,AFG
5,Afghanistan,2005,25654274,AFG
6,Afghanistan,2010,29185511,AFG
7,Afghanistan,2015,34413603,AFG
8,Albania,1980,2682697,ALB
9,Albania,1985,2969671,ALB
10,Albania,1990,3286070,ALB
11,Albania,1995,3112923,ALB
12,Albania,2000,3129246,ALB
13,Albania,2005,3086810,ALB
14,Albania,2010,2948029,ALB
15,Albania,2015,2890524,ALB
16,Algeria,1980,19221659,DZA
17,Algeria,1985,22431507,DZA
18,Algeria,1990,25758872,DZA
19,Algeria,1995,28757788,DZA
20,Algeria,2000,31042238,DZA
21,Algeria,2005,33149720,DZA
22,Algeria,2010,35977451,DZA
23,Algeria,2015,39728020,DZA
24,American Samoa,1980,32648,ASM
25,American Samoa,1985,39521,ASM
26,American Samoa,1990,47351,ASM
27,American Samoa,1995,53158,ASM
28,American Samoa,2000,57816,ASM
29,American Samoa,2005,59557,ASM
30,American Samoa,2010,56084,ASM
31,American Samoa,2015,55806,ASM
32,Andorra,1980,36063,AND
33,Andorra,1985,44593,AND
34,Andorra,1990,54508,AND
35,Andorra,1995,63860,AND
36,Andorra,2000,65390,AND
37,Andorra,2005,78871,AND
38,Andorra,2010,84454,AND
39,Andorra,2015,77993,AND
40,Angola,1980,8341290,AGO
41,Angola,1985,9961993,AGO
42,Angola,1990,11848385,AGO
43,Angola,1995,13945205,AGO
44,Angola,2000,16395476,AGO
45,Angola,2005,19433604,AGO
46,Angola,2010,23356247,AGO
47,Angola,2015,27884380,AGO
48,Anguilla,1980,7284,AIA
49,Anguilla,1985,7292,AIA
50,Anguilla,1990,8894,AIA
51,Anguilla,1995,9868,AIA
52,Anguilla,2000,11247,AIA
53,Anguilla,2005,12442,AIA
54,Anguilla,2010,13436,AIA
55,Anguilla,2015,14279,AIA
56,Antigua and Barbuda,1980,61861,ATG
57,Antigua and Barbuda,1985,61785,ATG
58,Antigua and Barbuda,1990,62533,ATG
59,Antigua and Barbuda,1995,68672,ATG
60,Antigua and Barbuda,2000,76007,ATG
61,Antigua and Barbuda,2005,81462,ATG
62,Antigua and Barbuda,2010,88030,ATG
63,Antigua and Barbuda,2015,93571,ATG
64,Argentina,1980,27896532,ARG
65,Argentina,1985,30216284,ARG
66,Argentina,1990,32618648,ARG
67,Argentina,1995,34828168,ARG
68,Argentina,2000,36870796,ARG
69,Argentina,2005,38892924,ARG
70,Argentina,2010,40895751,ARG
71,Argentina,2015,43075416,ARG
72,Armenia,1980,3099759,ARM
73,Armenia,1985,3335935,ARM
74,Armenia,1990,3538164,ARM
75,Armenia,1995,3217349,ARM
76,Armenia,2000,3069597,ARM
77,Armenia,2005,2981262,ARM
78,Armenia,2010,2877314,ARM
79,Armenia,2015,2925559,ARM
80,Aruba,1980,60097,ABW
81,Aruba,1985,63024,ABW
82,Aruba,1990,62152,ABW
83,Aruba,1995,80324,ABW
84,Aruba,2000,90866,ABW
85,Aruba,2005,100028,ABW
86,Aruba,2010,101665,ABW
87,Aruba,2015,104339,ABW
88,Australia,1980,14588400,AUS
89,Australia,1985,15663672,AUS
90,Australia,1990,16960600,AUS
91,Australia,1995,17993083,AUS
92,Australia,2000,18991434,AUS
93,Australia,2005,20178543,AUS
94,Australia,2010,22154687,AUS
95,Australia,2015,23932499,AUS
96,Austria,1980,7609750,AUT
97,Austria,1985,7614874,AUT
98,Austria,1990,7723954,AUT
99,Austria,1995,7990113,AUT
100,Austria,2000,8069276,AUT
101,Austria,2005,8253656,AUT
102,Austria,2010,8409945,AUT
103,Austria,2015,8678667,AUT
104,Azerbaijan,1980,6150735,AZE
105,Azerbaijan,1985,6666447,AZE
106,Azerbaijan,1990,7242758,AZE
107,Azerbaijan,1995,7775418,AZE
108,Azerbaijan,2000,8122743,AZE
109,Azerbaijan,2005,8538610,AZE
110,Azerbaijan,2010,9032465,AZE
111,Azerbaijan,2015,9622741,AZE
112,Bahamas,1980,210589,BHS
113,Bahamas,1985,234579,BHS
114,Bahamas,1990,256226,BHS
115,Bahamas,1995,280179,BHS
116,Bahamas,2000,298045,BHS
117,Bahamas,2005,324848,BHS
118,Bahamas,2010,354936,BHS
119,Bahamas,2015,374200,BHS
120,Bahrain,1980,359897,BHR
121,Bahrain,1985,419428,BHR
122,Bahrain,1990,495927,BHR
123,Bahrain,1995,563698,BHR
124,Bahrain,2000,664610,BHR
125,Bahrain,2005,889157,BHR
126,Bahrain,2010,1240864,BHR
127,Bahrain,2015,1371853,BHR
128,Bangladesh,1980,79639498,BGD
129,Bangladesh,1985,90764180,BGD
130,Bangladesh,1990,103171957,BGD
131,Bangladesh,1995,115169933,BGD
132,Bangladesh,2000,127657862,BGD
133,Bangladesh,2005,139035505,BGD
134,Bangladesh,2010,147575433,BGD
135,Bangladesh,2015,156256287,BGD
136,Barbados,1980,252388,BRB
137,Barbados,1985,256260,BRB
138,Barbados,1990,260933,BRB
139,Barbados,1995,265955,BRB
140,Barbados,2000,271511,BRB
141,Barbados,2005,276320,BRB
142,Barbados,2010,282131,BRB
143,Barbados,2015,285327,BRB
144,Belarus,1980,9569847,BLR
145,Belarus,1985,9901493,BLR
146,Belarus,1990,10151135,BLR
147,Belarus,1995,10077606,BLR
148,Belarus,2000,9871635,BLR
149,Belarus,2005,9562083,BLR
150,Belarus,2010,9420576,BLR
151,Belarus,2015,9439424,BLR
152,Belgium,1980,9868999,BEL
153,Belgium,1985,9916577,BEL
154,Belgium,1990,10006545,BEL
155,Belgium,1995,10186304,BEL
156,Belgium,2000,10282046,BEL
157,Belgium,2005,10546885,BEL
158,Belgium,2010,10938735,BEL
159,Belgium,2015,11287931,BEL
160,Belize,1980,144142,BLZ
161,Belize,1985,164918,BLZ
162,Belize,1990,187554,BLZ
163,Belize,1995,206962,BLZ
164,Belize,2000,247310,BLZ
165,Belize,2005,283798,BLZ
166,Belize,2010,322465,BLZ
167,Belize,2015,360926,BLZ
168,Benin,1980,3717161,BEN
169,Benin,1985,4278502,BEN
170,Benin,1990,4978489,BEN
171,Benin,1995,5905552,BEN
172,Benin,2000,6865946,BEN
173,Benin,2005,7982223,BEN
174,Benin,2010,9199254,BEN
175,Benin,2015,10575962,BEN
176,Bermuda,1980,57580,BMU
177,Bermuda,1985,59594,BMU
178,Bermuda,1990,61630,BMU
179,Bermuda,1995,63439,BMU
180,Bermuda,2000,65016,BMU
181,Bermuda,2005,66260,BMU
182,Bermuda,2010,65388,BMU
183,Bermuda,2015,63695,BMU
184,Bhutan,1980,406883,BTN
185,Bhutan,1985,464264,BTN
186,Bhutan,1990,530801,BTN
187,Bhutan,1995,534629,BTN
188,Bhutan,2000,591014,BTN
189,Bhutan,2005,648744,BTN
190,Bhutan,2010,685502,BTN
191,Bhutan,2015,727885,BTN
192,Bolivia,1980,5579932,BOL
193,Bolivia,1985,6179460,BOL
194,Bolivia,1990,6864839,BOL
195,Bolivia,1995,7622334,BOL
196,Bolivia,2000,8418270,BOL
197,Bolivia,2005,9232301,BOL
198,Bolivia,2010,10048597,BOL
199,Bolivia,2015,10869732,BOL
200,Bonaire Sint Eustatius and Saba,1980,11209,BES
201,Bonaire Sint Eustatius and Saba,1985,12024,BES
202,Bonaire Sint Eustatius and Saba,1990,13010,BES
203,Bonaire Sint Eustatius and Saba,1995,15101,BES
204,Bonaire Sint Eustatius and Saba,2000,14387,BES
205,Bonaire Sint Eustatius and Saba,2005,14399,BES
206,Bonaire Sint Eustatius and Saba,2010,20941,BES
207,Bonaire Sint Eustatius and Saba,2015,24571,BES
208,Bosnia and Herzegovina,1980,4179850,BIH
209,Bosnia and Herzegovina,1985,4392135,BIH
210,Bosnia and Herzegovina,1990,4463422,BIH
211,Bosnia and Herzegovina,1995,3829049,BIH
212,Bosnia and Herzegovina,2000,3751176,BIH
213,Bosnia and Herzegovina,2005,3765332,BIH
214,Bosnia and Herzegovina,2010,3705478,BIH
215,Bosnia and Herzegovina,2015,3429362,BIH
216,Botswana,1980,897860,BWA
217,Botswana,1985,1069585,BWA
218,Botswana,1990,1286756,BWA
219,Botswana,1995,1469173,BWA
220,Botswana,2000,1643333,BWA
221,Botswana,2005,1799077,BWA
222,Botswana,2010,1987106,BWA
223,Botswana,2015,2120716,BWA
224,Brazil,1980,120694012,BRA
225,Brazil,1985,135274083,BRA
226,Brazil,1990,149003225,BRA
227,Brazil,1995,162019889,BRA
228,Brazil,2000,174790339,BRA
229,Brazil,2005,186127108,BRA
230,Brazil,2010,195713637,BRA
231,Brazil,2015,204471759,BRA
232,British Virgin Islands,1980,11471,VGB
233,British Virgin Islands,1985,13951,VGB
234,British Virgin Islands,1990,17489,VGB
235,British Virgin Islands,1995,19307,VGB
236,British Virgin Islands,2000,20313,VGB
237,British Virgin Islands,2005,23106,VGB
238,British Virgin Islands,2010,27796,VGB
239,British Virgin Islands,2015,29148,VGB
240,Brunei,1980,193880,BRN
241,Brunei,1985,224440,BRN
242,Brunei,1990,258714,BRN
243,Brunei,1995,297112,BRN
244,Brunei,2000,333166,BRN
245,Brunei,2005,365112,BRN
246,Brunei,2010,388634,BRN
247,Brunei,2015,414914,BRN
248,Bulgaria,1980,8878787,BGR
249,Bulgaria,1985,8975353,BGR
250,Bulgaria,1990,8841466,BGR
251,Bulgaria,1995,8379305,BGR
252,Bulgaria,2000,7997951,BGR
253,Bulgaria,2005,7686964,BGR
254,Bulgaria,2010,7425011,BGR
255,Bulgaria,2015,7199739,BGR
256,Burkina Faso,1980,6822837,BFA
257,Burkina Faso,1985,7727908,BFA
258,Burkina Faso,1990,8811033,BFA
259,Burkina Faso,1995,10089880,BFA
260,Burkina Faso,2000,11607951,BFA
261,Burkina Faso,2005,13421935,BFA
262,Burkina Faso,2010,15605211,BFA
263,Burkina Faso,2015,18110616,BFA
264,Burundi,1980,4157296,BDI
265,Burundi,1985,4750832,BDI
266,Burundi,1990,5438959,BDI
267,Burundi,1995,5987044,BDI
268,Burundi,2000,6378871,BDI
269,Burundi,2005,7364857,BDI
270,Burundi,2010,8675606,BDI
271,Burundi,2015,10160034,BDI
272,Cambodia,1980,6693759,KHM
273,Cambodia,1985,7714894,KHM
274,Cambodia,1990,8975597,KHM
275,Cambodia,1995,10656145,KHM
276,Cambodia,2000,12155241,KHM
277,Cambodia,2005,13273355,KHM
278,Cambodia,2010,14312205,KHM
279,Cambodia,2015,15521435,KHM
280,Cameroon,1980,8621409,CMR
281,Cameroon,1985,10070806,CMR
282,Cameroon,1990,11780086,CMR
283,Cameroon,1995,13599984,CMR
284,Cameroon,2000,15513944,CMR
285,Cameroon,2005,17733408,CMR
286,Cameroon,2010,20341236,CMR
287,Cameroon,2015,23298376,CMR
288,Canada,1980,24416885,CAN
289,Canada,1985,25744807,CAN
290,Canada,1990,27541323,CAN
291,Canada,1995,29164153,CAN
292,Canada,2000,30588379,CAN
293,Canada,2005,32164313,CAN
294,Canada,2010,34147566,CAN
295,Canada,2015,36026668,CAN
296,Cape Verde,1980,283848,CPV
297,Cape Verde,1985,311668,CPV
298,Cape Verde,1990,337953,CPV
299,Cape Verde,1995,386288,CPV
300,Cape Verde,2000,428178,CPV
301,Cape Verde,2005,463034,CPV
302,Cape Verde,2010,492644,CPV
303,Cape Verde,2015,524740,CPV
304,Cayman Islands,1980,16207,CYM
305,Cayman Islands,1985,19460,CYM
306,Cayman Islands,1990,25307,CYM
307,Cayman Islands,1995,32161,CYM
308,Cayman Islands,2000,42305,CYM
309,Cayman Islands,2005,49261,CYM
310,Cayman Islands,2010,56672,CYM
311,Cayman Islands,2015,61721,CYM
312,Central African Republic,1980,2199359,CAF
313,Central African Republic,1985,2542170,CAF
314,Central African Republic,1990,2806740,CAF
315,Central African Republic,1995,3222662,CAF
316,Central African Republic,2000,3640421,CAF
317,Central African Republic,2005,4038380,CAF
318,Central African Republic,2010,4386765,CAF
319,Central African Republic,2015,4493171,CAF
320,Chad,1980,4514427,TCD
321,Chad,1985,5095400,TCD
322,Chad,1990,5963250,TCD
323,Chad,1995,7010159,TCD
324,Chad,2000,8355654,TCD
325,Chad,2005,10096630,TCD
326,Chad,2010,11952134,TCD
327,Chad,2015,14110971,TCD
328,Channel Islands,1980,128204,OWID_CIS
329,Channel Islands,1985,133800,OWID_CIS
330,Channel Islands,1990,140677,OWID_CIS
331,Channel Islands,1995,143480,OWID_CIS
332,Channel Islands,2000,148439,OWID_CIS
333,Channel Islands,2005,151674,OWID_CIS
334,Channel Islands,2010,159718,OWID_CIS
335,Channel Islands,2015,165387,OWID_CIS
336,Chile,1980,11419350,CHL
337,Chile,1985,12257238,CHL
338,Chile,1990,13274617,CHL
339,Chile,1995,14380864,CHL
340,Chile,2000,15342350,CHL
341,Chile,2005,16182713,CHL
342,Chile,2010,17062531,CHL
343,Chile,2015,17969356,CHL
344,China,1980,1000089228,CHN
345,China,1985,1075589363,CHN
346,China,1990,1176883681,CHN
347,China,1995,1240920539,CHN
348,China,2000,1290550767,CHN
349,China,2005,1330776380,CHN
350,China,2010,1368810604,CHN
351,China,2015,1406847868,CHN
352,Colombia,1980,26900508,COL
353,Colombia,1985,29951194,COL
354,Colombia,1990,33102569,COL
355,Colombia,1995,36421438,COL
356,Colombia,2000,39629965,COL
357,Colombia,2005,42647731,COL
358,Colombia,2010,45222699,COL
359,Colombia,2015,47520667,COL
360,Comoros,1980,307831,COM
361,Comoros,1985,355337,COM
362,Comoros,1990,411598,COM
363,Comoros,1995,475394,COM
364,Comoros,2000,542358,COM
365,Comoros,2005,611625,COM
366,Comoros,2010,689696,COM
367,Comoros,2015,777435,COM
368,Congo,1980,1777932,COG
369,Congo,1985,2054308,COG
370,Congo,1990,2356740,COG
371,Congo,1995,2707532,COG
372,Congo,2000,3127420,COG
373,Congo,2005,3622775,COG
374,Congo,2010,4273738,COG
375,Congo,2015,4856093,COG
376,Cook Islands,1980,17519,COK
377,Cook Islands,1985,17592,COK
378,Cook Islands,1990,18195,COK
379,Cook Islands,1995,19105,COK
380,Cook Islands,2000,17935,COK
381,Cook Islands,2005,19070,COK
382,Cook Islands,2010,18392,COK
383,Cook Islands,2015,17581,COK
384,Costa Rica,1980,2389973,CRI
385,Costa Rica,1985,2736719,CRI
386,Costa Rica,1990,3119436,CRI
387,Costa Rica,1995,3545524,CRI
388,Costa Rica,2000,3962369,CRI
389,Costa Rica,2005,4285504,CRI
390,Costa Rica,2010,4577371,CRI
391,Costa Rica,2015,4847805,CRI
392,Cote d'Ivoire,1980,8033652,CIV
393,Cote d'Ivoire,1985,9918204,CIV
394,Cote d'Ivoire,1990,11924873,CIV
395,Cote d'Ivoire,1995,14199759,CIV
396,Cote d'Ivoire,2000,16454660,CIV
397,Cote d'Ivoire,2005,18354513,CIV
398,Cote d'Ivoire,2010,20532944,CIV
399,Cote d'Ivoire,2015,23226148,CIV
400,Croatia,1980,4598125,HRV
401,Croatia,1985,4716123,HRV
402,Croatia,1990,4776370,HRV
403,Croatia,1995,4616763,HRV
404,Croatia,2000,4428075,HRV
405,Croatia,2005,4378066,HRV
406,Croatia,2010,4328163,HRV
407,Croatia,2015,4232874,HRV
408,Cuba,1980,9849457,CUB
409,Cuba,1985,10097910,CUB
410,Cuba,1990,10596986,CUB
411,Cuba,1995,10888246,CUB
412,Cuba,2000,11126423,CUB
413,Cuba,2005,11261586,CUB
414,Cuba,2010,11225833,CUB
415,Cuba,2015,11324777,CUB
416,Curacao,1980,147997,CUW
417,Curacao,1985,150375,CUW
418,Curacao,1990,146679,CUW
419,Curacao,1995,143880,CUW
420,Curacao,2000,132147,CUW
421,Curacao,2005,130136,CUW
422,Curacao,2010,149188,CUW
423,Curacao,2015,159850,CUW
424,Cyprus,1980,685408,CYP
425,Cyprus,1985,703694,CYP
426,Cyprus,1990,766616,CYP
427,Cyprus,1995,855391,CYP
428,Cyprus,2000,943288,CYP
429,Cyprus,2005,1027656,CYP
430,Cyprus,2010,1112617,CYP
431,Cyprus,2015,1160987,CYP
432,Czechia,1980,10349084,CZE
433,Czechia,1985,10331144,CZE
434,Czechia,1990,10340877,CZE
435,Czechia,1995,10358190,CZE
436,Czechia,2000,10289374,CZE
437,Czechia,2005,10258165,CZE
438,Czechia,2010,10536514,CZE
439,Czechia,2015,10601390,CZE
440,Democratic Republic of Congo,1980,26358905,COD
441,Democratic Republic of Congo,1985,29881222,COD
442,Democratic Republic of Congo,1990,34612023,COD
443,Democratic Republic of Congo,1995,41576239,COD
444,Democratic Republic of Congo,2000,47105830,COD
445,Democratic Republic of Congo,2005,54785894,COD
446,Democratic Republic of Congo,2010,64563853,COD
447,Democratic Republic of Congo,2015,76244532,COD
448,Denmark,1980,5123945,DNK
449,Denmark,1985,5114250,DNK
450,Denmark,1990,5141117,DNK
451,Denmark,1995,5232709,DNK
452,Denmark,2000,5341192,DNK
453,Denmark,2005,5421701,DNK
454,Denmark,2010,5554849,DNK
455,Denmark,2015,5688695,DNK
456,Djibouti,1980,358960,DJI
457,Djibouti,1985,425608,DJI
458,Djibouti,1990,590393,DJI
459,Djibouti,1995,630385,DJI
460,Djibouti,2000,717577,DJI
461,Djibouti,2005,783248,DJI
462,Djibouti,2010,840194,DJI
463,Djibouti,2015,913998,DJI
464,Dominica,1980,75318,DMA
465,Dominica,1985,73207,DMA
466,Dominica,1990,70422,DMA
467,Dominica,1995,71105,DMA
468,Dominica,2000,69650,DMA
469,Dominica,2005,70580,DMA
470,Dominica,2010,70877,DMA
471,Dominica,2015,71175,DMA
472,Dominican Republic,1980,5803929,DOM
473,Dominican Republic,1985,6464229,DOM
474,Dominican Republic,1990,7133491,DOM
475,Dominican Republic,1995,7819239,DOM
476,Dominican Republic,2000,8471317,DOM
477,Dominican Republic,2005,9097262,DOM
478,Dominican Republic,2010,9695117,DOM
479,Dominican Republic,2015,10281675,DOM
480,Ecuador,1980,7989178,ECU
481,Ecuador,1985,9066100,ECU
482,Ecuador,1990,10230931,ECU
483,Ecuador,1995,11455205,ECU
484,Ecuador,2000,12681123,ECU
485,Ecuador,2005,13825839,ECU
486,Ecuador,2010,15011114,ECU
487,Ecuador,2015,16212022,ECU
488,Egypt,1980,43309063,EGY
489,Egypt,1985,49258726,EGY
490,Egypt,1990,56134478,EGY
491,Egypt,1995,62334025,EGY
492,Egypt,2000,68831561,EGY
493,Egypt,2005,75523576,EGY
494,Egypt,2010,82761244,EGY
495,Egypt,2015,92442549,EGY
496,El Salvador,1980,4591135,SLV
497,El Salvador,1985,4936803,SLV
498,El Salvador,1990,5270074,SLV
499,El Salvador,1995,5628602,SLV
500,El Salvador,2000,5887930,SLV
501,El Salvador,2005,6052124,SLV
502,El Salvador,2010,6183877,SLV
503,El Salvador,2015,6325121,SLV
504,Equatorial Guinea,1980,249931,GNQ
505,Equatorial Guinea,1985,352116,GNQ
506,Equatorial Guinea,1990,419188,GNQ
507,Equatorial Guinea,1995,496768,GNQ
508,Equatorial Guinea,2000,606180,GNQ
509,Equatorial Guinea,2005,749527,GNQ
510,Equatorial Guinea,2010,943640,GNQ
511,Equatorial Guinea,2015,1168575,GNQ
512,Eritrea,1980,1733423,ERI
513,Eritrea,1985,2003942,ERI
514,Eritrea,1990,2258649,ERI
515,Eritrea,1995,2204227,ERI
516,Eritrea,2000,2292413,ERI
517,Eritrea,2005,2826653,ERI
518,Eritrea,2010,3170437,ERI
519,Eritrea,2015,3342818,ERI
520,Estonia,1980,1474438,EST
521,Estonia,1985,1522405,EST
522,Estonia,1990,1565246,EST
523,Estonia,1995,1433026,EST
524,Estonia,2000,1399111,EST
525,Estonia,2005,1355650,EST
526,Estonia,2010,1332103,EST
527,Estonia,2015,1315330,EST
528,Eswatini,1980,587852,SWZ
529,Eswatini,1985,699077,SWZ
530,Eswatini,1990,822423,SWZ
531,Eswatini,1995,926836,SWZ
532,Eswatini,2000,1005432,SWZ
533,Eswatini,2005,1030575,SWZ
534,Eswatini,2010,1064841,SWZ
535,Eswatini,2015,1104038,SWZ
536,Ethiopia,1980,35141703,ETH
537,Ethiopia,1985,40652146,ETH
538,Ethiopia,1990,47887864,ETH
539,Ethiopia,1995,57047906,ETH
540,Ethiopia,2000,66224808,ETH
541,Ethiopia,2005,76346310,ETH
542,Ethiopia,2010,87639962,ETH
543,Ethiopia,2015,100835453,ETH
544,Faeroe Islands,1980,43339,FRO
545,Faeroe Islands,1985,45328,FRO
546,Faeroe Islands,1990,47276,FRO
547,Faeroe Islands,1995,45625,FRO
548,Faeroe Islands,2000,46738,FRO
549,Faeroe Islands,2005,47731,FRO
550,Faeroe Islands,2010,47803,FRO
551,Faeroe Islands,2015,48055,FRO
552,Falkland Islands,1980,1853,FLK
553,Falkland Islands,1985,1841,FLK
554,Falkland Islands,1990,1980,FLK
555,Falkland Islands,1995,2501,FLK
556,Falkland Islands,2000,2893,FLK
557,Falkland Islands,2005,2950,FLK
558,Falkland Islands,2010,2902,FLK
559,Falkland Islands,2015,2836,FLK
560,Fiji,1980,635312,FJI
561,Fiji,1985,711770,FJI
562,Fiji,1990,728575,FJI
563,Fiji,1995,775428,FJI
564,Fiji,2000,811011,FJI
565,Fiji,2005,821606,FJI
566,Fiji,2010,859816,FJI
567,Fiji,2015,868632,FJI
568,Finland,1980,4788247,FIN
569,Finland,1985,4911220,FIN
570,Finland,1990,4996220,FIN
571,Finland,1995,5119012,FIN
572,Finland,2000,5187953,FIN
573,Finland,2005,5258933,FIN
574,Finland,2010,5365784,FIN
575,Finland,2015,5481128,FIN
576,France,1980,53868006,FRA
577,France,1985,55254838,FRA
578,France,1990,56666861,FRA
579,France,1995,57801887,FRA
580,France,2000,59015092,FRA
581,France,2005,61120128,FRA
582,France,2010,62879535,FRA
583,France,2015,64453194,FRA
584,French Guiana,1980,66973,GUF
585,French Guiana,1985,86435,GUF
586,French Guiana,1990,115784,GUF
587,French Guiana,1995,137400,GUF
588,French Guiana,2000,163163,GUF
589,French Guiana,2005,202973,GUF
590,French Guiana,2010,232996,GUF
591,French Guiana,2015,261007,GUF
592,French Polynesia,1980,153298,PYF
593,French Polynesia,1985,177024,PYF
594,French Polynesia,1990,199906,PYF
595,French Polynesia,1995,218064,PYF
596,French Polynesia,2000,240681,PYF
597,French Polynesia,2005,258779,PYF
598,French Polynesia,2010,266449,PYF
599,French Polynesia,2015,273119,PYF
600,Gabon,1980,726335,GAB
601,Gabon,1985,827107,GAB
602,Gabon,1990,949493,GAB
603,Gabon,1995,1084951,GAB
604,Gabon,2000,1228359,GAB
605,Gabon,2005,1390550,GAB
606,Gabon,2010,1624146,GAB
607,Gabon,2015,1947690,GAB
608,Gambia,1980,637252,GMB
609,Gambia,1985,755791,GMB
610,Gambia,1990,955595,GMB
611,Gambia,1995,1128577,GMB
612,Gambia,2000,1317708,GMB
613,Gambia,2005,1543745,GMB
614,Gambia,2010,1793199,GMB
615,Gambia,2015,2085860,GMB
616,Georgia,1980,5017827,GEO
617,Georgia,1985,5211454,GEO
618,Georgia,1990,5410400,GEO
619,Georgia,1995,4976252,GEO
620,Georgia,2000,4362184,GEO
621,Georgia,2005,4210158,GEO
622,Georgia,2010,4099095,GEO
623,Georgia,2015,4024180,GEO
624,Germany,1980,78283101,DEU
625,Germany,1985,77691591,DEU
626,Germany,1990,79053984,DEU
627,Germany,1995,81138653,DEU
628,Germany,2000,81400883,DEU
629,Germany,2005,81602739,DEU
630,Germany,2010,80827001,DEU
631,Germany,2015,81787411,DEU
632,Ghana,1980,11056112,GHA
633,Ghana,1985,12783617,GHA
634,Ghana,1990,14773274,GHA
635,Ghana,1995,17014058,GHA
636,Ghana,2000,19278850,GHA
637,Ghana,2005,21814648,GHA
638,Ghana,2010,24779614,GHA
639,Ghana,2015,27849203,GHA
640,Gibraltar,1980,30068,GIB
641,Gibraltar,1985,29151,GIB
642,Gibraltar,1990,29149,GIB
643,Gibraltar,1995,28688,GIB
644,Gibraltar,2000,31081,GIB
645,Gibraltar,2005,33222,GIB
646,Gibraltar,2010,33585,GIB
647,Gibraltar,2015,33742,GIB
648,Greece,1980,9627004,GRC
649,Greece,1985,9968233,GRC
650,Greece,1990,10225990,GRC
651,Greece,1995,10745502,GRC
652,Greece,2000,11082103,GRC
653,Greece,2005,11224800,GRC
654,Greece,2010,10887640,GRC
655,Greece,2015,10659737,GRC
656,Greenland,1980,50179,GRL
657,Greenland,1985,53187,GRL
658,Greenland,1990,55604,GRL
659,Greenland,1995,55810,GRL
660,Greenland,2000,56177,GRL
661,Greenland,2005,56949,GRL
662,Greenland,2010,56638,GRL
663,Greenland,2015,56378,GRL
664,Grenada,1980,89032,GRD
665,Grenada,1985,99953,GRD
666,Grenada,1990,96328,GRD
667,Grenada,1995,100286,GRD
668,Grenada,2000,102837,GRD
669,Grenada,2005,104658,GRD
670,Grenada,2010,106227,GRD
671,Grenada,2015,109603,GRD
672,Guadeloupe,1980,336683,GLP
673,Guadeloupe,1985,342737,GLP
674,Guadeloupe,1990,389251,GLP
675,Guadeloupe,1995,403731,GLP
676,Guadeloupe,2000,422048,GLP
677,Guadeloupe,2005,402903,GLP
678,Guadeloupe,2010,406073,GLP
679,Guadeloupe,2015,400260,GLP
680,Guam,1980,104134,GUM
681,Guam,1985,116576,GUM
682,Guam,1990,130479,GUM
683,Guam,1995,145559,GUM
684,Guam,2000,155323,GUM
685,Guam,2005,158406,GUM
686,Guam,2010,159439,GUM
687,Guam,2015,161851,GUM
688,Guatemala,1980,7283456,GTM
689,Guatemala,1985,8240059,GTM
690,Guatemala,1990,9263820,GTM
691,Guatemala,1995,10408486,GTM
692,Guatemala,2000,11650744,GTM
693,Guatemala,2005,13096028,GTM
694,Guatemala,2010,14630420,GTM
695,Guatemala,2015,16252425,GTM
696,Guinea,1980,4871446,GIN
697,Guinea,1985,5470716,GIN
698,Guinea,1990,6352282,GIN
699,Guinea,1995,7269631,GIN
700,Guinea,2000,8240735,GIN
701,Guinea,2005,9109585,GIN
702,Guinea,2010,10192168,GIN
703,Guinea,2015,11432096,GIN
704,Guinea-Bissau,1980,781678,GNB
705,Guinea-Bissau,1985,872163,GNB
706,Guinea-Bissau,1990,975265,GNB
707,Guinea-Bissau,1995,1088850,GNB
708,Guinea-Bissau,2000,1201305,GNB
709,Guinea-Bissau,2005,1344931,GNB
710,Guinea-Bissau,2010,1522603,GNB
711,Guinea-Bissau,2015,1737207,GNB
712,Guyana,1980,780153,GUY
713,Guyana,1985,770439,GUY
714,Guyana,1990,743306,GUY
715,Guyana,1995,761298,GUY
716,Guyana,2000,746718,GUY
717,Guyana,2005,746156,GUY
718,Guyana,2010,749430,GUY
719,Guyana,2015,767433,GUY
720,Haiti,1980,5643175,HTI
721,Haiti,1985,6337275,HTI
722,Haiti,1990,7037915,HTI
723,Haiti,1995,7744509,HTI
724,Haiti,2000,8463802,HTI
725,Haiti,2005,9195289,HTI
726,Haiti,2010,9949318,HTI
727,Haiti,2015,10695540,HTI
728,Honduras,1980,3678274,HND
729,Honduras,1985,4281167,HND
730,Honduras,1990,4955302,HND
731,Honduras,1995,5709010,HND
732,Honduras,2000,6574510,HND
733,Honduras,2005,7458982,HND
734,Honduras,2010,8317467,HND
735,Honduras,2015,9112904,HND
736,Hong Kong,1980,4868744,HKG
737,Hong Kong,1985,5287023,HKG
738,Hong Kong,1990,5727942,HKG
739,Hong Kong,1995,6084234,HKG
740,Hong Kong,2000,6606328,HKG
741,Hong Kong,2005,6769579,HKG
742,Hong Kong,2010,6966324,HKG
743,Hong Kong,2015,7185992,HKG
744,Hungary,1980,10754286,HUN
745,Hungary,1985,10566321,HUN
746,Hungary,1990,10377135,HUN
747,Hungary,1995,10349308,HUN
748,Hungary,2000,10220509,HUN
749,Hungary,2005,10085942,HUN
750,Hungary,2010,9927380,HUN
751,Hungary,2015,9777925,HUN
752,Iceland,1980,228256,ISL
753,Iceland,1985,241587,ISL
754,Iceland,1990,255044,ISL
755,Iceland,1995,267627,ISL
756,Iceland,2000,280439,ISL
757,Iceland,2005,294976,ISL
758,Iceland,2010,320342,ISL
759,Iceland,2015,330237,ISL
760,India,1980,698952837,IND
761,India,1985,784360012,IND
762,India,1990,873277799,IND
763,India,1995,963922586,IND
764,India,2000,1056575548,IND
765,India,2005,1147609924,IND
766,India,2010,1234281163,IND
767,India,2015,1310152392,IND
768,Indonesia,1980,147447834,IDN
769,Indonesia,1985,164982452,IDN
770,Indonesia,1990,181413398,IDN
771,Indonesia,1995,196934257,IDN
772,Indonesia,2000,211513822,IDN
773,Indonesia,2005,226289468,IDN
774,Indonesia,2010,241834226,IDN
775,Indonesia,2015,258383257,IDN
776,Iran,1980,38650244,IRN
777,Iran,1985,47347197,IRN
778,Iran,1990,56366212,IRN
779,Iran,1995,61442658,IRN
780,Iran,2000,65623397,IRN
781,Iran,2005,69762345,IRN
782,Iran,2010,73762519,IRN
783,Iran,2015,78492208,IRN
784,Iraq,1980,13653348,IRQ
785,Iraq,1985,15555807,IRQ
786,Iraq,1990,17419113,IRQ
787,Iraq,1995,20149342,IRQ
788,Iraq,2000,23497589,IRQ
789,Iraq,2005,26922279,IRQ
790,Iraq,2010,29741977,IRQ
791,Iraq,2015,35572269,IRQ
792,Ireland,1980,3384760,IRL
793,Ireland,1985,3510978,IRL
794,Ireland,1990,3510881,IRL
795,Ireland,1995,3592180,IRL
796,Ireland,2000,3783095,IRL
797,Ireland,2005,4141218,IRL
798,Ireland,2010,4554330,IRL
799,Ireland,2015,4652420,IRL
800,Isle of Man,1980,63546,IMN
801,Isle of Man,1985,64277,IMN
802,Isle of Man,1990,70292,IMN
803,Isle of Man,1995,72133,IMN
804,Isle of Man,2000,76942,IMN
805,Isle of Man,2005,80293,IMN
806,Isle of Man,2010,84856,IMN
807,Isle of Man,2015,83232,IMN
808,Israel,1980,3700916,ISR
809,Israel,1985,4035062,ISR
810,Israel,1990,4448348,ISR
811,Israel,1995,5271368,ISR
812,Israel,2000,5945949,ISR
813,Israel,2005,6529470,ISR
814,Israel,2010,7346446,ISR
815,Israel,2015,7978496,ISR
816,Italy,1980,56349352,ITA
817,Italy,1985,56936776,ITA
818,Italy,1990,57048237,ITA
819,Italy,1995,57174412,ITA
820,Italy,2000,56692178,ITA
821,Italy,2005,58281209,ITA
822,Italy,2010,59325232,ITA
823,Italy,2015,60578489,ITA
824,Jamaica,1980,2162839,JAM
825,Jamaica,1985,2335510,JAM
826,Jamaica,1990,2419901,JAM
827,Jamaica,1995,2533705,JAM
828,Jamaica,2000,2654698,JAM
829,Jamaica,2005,2740000,JAM
830,Jamaica,2010,2810464,JAM
831,Jamaica,2015,2891024,JAM
832,Japan,1980,117816942,JPN
833,Japan,1985,121883483,JPN
834,Japan,1990,124505243,JPN
835,Japan,1995,126365486,JPN
836,Japan,2000,127524168,JPN
837,Japan,2005,128326115,JPN
838,Japan,2010,128542349,JPN
839,Japan,2015,127985139,JPN
840,Jordan,1980,2377997,JOR
841,Jordan,1985,2900055,JOR
842,Jordan,1990,3565888,JOR
843,Jordan,1995,4588842,JOR
844,Jordan,2000,5122495,JOR
845,Jordan,2005,5765639,JOR
846,Jordan,2010,7261541,JOR
847,Jordan,2015,9266573,JOR
848,Kazakhstan,1980,14796175,KAZ
849,Kazakhstan,1985,15665594,KAZ
850,Kazakhstan,1990,16383881,KAZ
851,Kazakhstan,1995,15839357,KAZ
852,Kazakhstan,2000,14922724,KAZ
853,Kazakhstan,2005,15402803,KAZ
854,Kazakhstan,2010,16252273,KAZ
855,Kazakhstan,2015,17572010,KAZ
856,Kenya,1980,16417203,KEN
857,Kenya,1985,19877078,KEN
858,Kenya,1990,23724574,KEN
859,Kenya,1995,27768297,KEN
860,Kenya,2000,31964557,KEN
861,Kenya,2005,36624897,KEN
862,Kenya,2010,42030684,KEN
863,Kenya,2015,47878339,KEN
864,Kiribati,1980,59296,KIR
865,Kiribati,1985,63989,KIR
866,Kiribati,1990,72394,KIR
867,Kiribati,1995,77716,KIR
868,Kiribati,2000,84405,KIR
869,Kiribati,2005,92319,KIR
870,Kiribati,2010,102930,KIR
871,Kiribati,2015,110927,KIR
872,Kuwait,1980,1368680,KWT
873,Kuwait,1985,1735278,KWT
874,Kuwait,1990,2095350,KWT
875,Kuwait,1995,1605907,KWT
876,Kuwait,2000,2045123,KWT
877,Kuwait,2005,2270196,KWT
878,Kuwait,2010,2991884,KWT
879,Kuwait,2015,3835588,KWT
880,Kyrgyzstan,1980,3610974,KGZ
881,Kyrgyzstan,1985,3993077,KGZ
882,Kyrgyzstan,1990,4372885,KGZ
883,Kyrgyzstan,1995,4566096,KGZ
884,Kyrgyzstan,2000,4920712,KGZ
885,Kyrgyzstan,2005,5075340,KGZ
886,Kyrgyzstan,2010,5422298,KGZ
887,Kyrgyzstan,2015,5959126,KGZ
888,Laos,1980,3258149,LAO
889,Laos,1985,3687889,LAO
890,Laos,1990,4258471,LAO
891,Laos,1995,4846477,LAO
892,Laos,2000,5323701,LAO
893,Laos,2005,5751675,LAO
894,Laos,2010,6249168,LAO
895,Laos,2015,6741160,LAO
896,Latvia,1980,2521381,LVA
897,Latvia,1985,2580763,LVA
898,Latvia,1990,2664447,LVA
899,Latvia,1995,2508476,LVA
900,Latvia,2000,2384150,LVA
901,Latvia,2005,2251996,LVA
902,Latvia,2010,2118855,LVA
903,Latvia,2015,1997675,LVA
904,Lebanon,1980,2588928,LBN
905,Lebanon,1985,2651992,LBN
906,Lebanon,1990,2803032,LBN
907,Lebanon,1995,3528379,LBN
908,Lebanon,2000,3842774,LBN
909,Lebanon,2005,4698761,LBN
910,Lebanon,2010,4953064,LBN
911,Lebanon,2015,6532681,LBN
912,Lesotho,1980,1340258,LSO
913,Lesotho,1985,1526132,LSO
914,Lesotho,1990,1703757,LSO
915,Lesotho,1995,1898598,LSO
916,Lesotho,2000,2032805,LSO
917,Lesotho,2005,1996115,LSO
918,Lesotho,2010,1995575,LSO
919,Lesotho,2015,2059011,LSO
920,Liberia,1980,1852991,LBR
921,Liberia,1985,2145756,LBR
922,Liberia,1990,2075917,LBR
923,Liberia,1995,2044657,LBR
924,Liberia,2000,2848447,LBR
925,Liberia,2005,3218114,LBR
926,Liberia,2010,3891357,LBR
927,Liberia,2015,4472229,LBR
928,Libya,1980,3219462,LBY
929,Libya,1985,3873781,LBY
930,Libya,1990,4436663,LBY
931,Libya,1995,4948796,LBY
932,Libya,2000,5357893,LBY
933,Libya,2005,5798615,LBY
934,Libya,2010,6197667,LBY
935,Libya,2015,6418315,LBY
936,Liechtenstein,1980,25881,LIE
937,Liechtenstein,1985,27286,LIE
938,Liechtenstein,1990,28790,LIE
939,Liechtenstein,1995,30884,LIE
940,Liechtenstein,2000,33184,LIE
941,Liechtenstein,2005,34718,LIE
942,Liechtenstein,2010,35996,LIE
943,Liechtenstein,2015,37465,LIE
944,Lithuania,1980,3430760,LTU
945,Lithuania,1985,3562399,LTU
946,Lithuania,1990,3696035,LTU
947,Lithuania,1995,3626609,LTU
948,Lithuania,2000,3501842,LTU
949,Lithuania,2005,3344259,LTU
950,Lithuania,2010,3123825,LTU
951,Lithuania,2015,2931872,LTU
952,Luxembourg,1980,364048,LUX
953,Luxembourg,1985,366882,LUX
954,Luxembourg,1990,381780,LUX
955,Luxembourg,1995,408145,LUX
956,Luxembourg,2000,436106,LUX
957,Luxembourg,2005,457848,LUX
958,Luxembourg,2010,507890,LUX
959,Luxembourg,2015,566741,LUX
960,Macao,1980,238085,MAC
961,Macao,1985,283490,MAC
962,Macao,1990,343816,MAC
963,Macao,1995,385517,MAC
964,Macao,2000,427772,MAC
965,Macao,2005,482863,MAC
966,Macao,2010,538215,MAC
967,Macao,2015,602093,MAC
968,Madagascar,1980,8716549,MDG
969,Madagascar,1985,10063493,MDG
970,Madagascar,1990,11598647,MDG
971,Madagascar,1995,13475403,MDG
972,Madagascar,2000,15766806,MDG
973,Madagascar,2005,18336722,MDG
974,Madagascar,2010,21151640,MDG
975,Madagascar,2015,24234080,MDG
976,Malawi,1980,6250434,MWI
977,Malawi,1985,7268271,MWI
978,Malawi,1990,9404499,MWI
979,Malawi,1995,9844418,MWI
980,Malawi,2000,11148751,MWI
981,Malawi,2005,12625950,MWI
982,Malawi,2010,14539609,MWI
983,Malawi,2015,16745305,MWI
984,Malaysia,1980,13798094,MYS
985,Malaysia,1985,15598924,MYS
986,Malaysia,1990,18029824,MYS
987,Malaysia,1995,20487604,MYS
988,Malaysia,2000,23194252,MYS
989,Malaysia,2005,25690615,MYS
990,Malaysia,2010,28208028,MYS
991,Malaysia,2015,30270965,MYS
992,Maldives,1980,158271,MDV
993,Maldives,1985,189540,MDV
994,Maldives,1990,223159,MDV
995,Maldives,1995,254144,MDV
996,Maldives,2000,279396,MDV
997,Maldives,2005,319604,MDV
998,Maldives,2010,365730,MDV
999,Maldives,2015,454914,MDV
1000,Mali,1980,7090124,MLI
1001,Mali,1985,7831888,MLI
1002,Mali,1990,8449915,MLI
1003,Mali,1995,9585660,MLI
1004,Mali,2000,10946448,MLI
1005,Mali,2005,12775509,MLI
1006,Mali,2010,15049352,MLI
1007,Mali,2015,17438772,MLI
1008,Malta,1980,331494,MLT
1009,Malta,1985,346254,MLT
1010,Malta,1990,362017,MLT
1011,Malta,1995,376893,MLT
1012,Malta,2000,393649,MLT
1013,Malta,2005,404659,MLT
1014,Malta,2010,414257,MLT
1015,Malta,2015,433559,MLT
1016,Marshall Islands,1980,30574,MHL
1017,Marshall Islands,1985,38331,MHL
1018,Marshall Islands,1990,47265,MHL
1019,Marshall Islands,1995,50454,MHL
1020,Marshall Islands,2000,50754,MHL
1021,Marshall Islands,2005,55257,MHL
1022,Marshall Islands,2010,56361,MHL
1023,Marshall Islands,2015,57444,MHL
1024,Martinique,1980,325448,MTQ
1025,Martinique,1985,339881,MTQ
1026,Martinique,1990,358457,MTQ
1027,Martinique,1995,368728,MTQ
1028,Martinique,2000,387016,MTQ
1029,Martinique,2005,397191,MTQ
1030,Martinique,2010,394666,MTQ
1031,Martinique,2015,378483,MTQ
1032,Mauritania,1980,1540644,MRT
1033,Mauritania,1985,1780033,MRT
1034,Mauritania,1990,2034347,MRT
1035,Mauritania,1995,2313630,MRT
1036,Mauritania,2000,2630217,MRT
1037,Mauritania,2005,3024198,MRT
1038,Mauritania,2010,3494200,MRT
1039,Mauritania,2015,4046304,MRT
1040,Mauritius,1980,966039,MUS
1041,Mauritius,1985,1015764,MUS
1042,Mauritius,1990,1055869,MUS
1043,Mauritius,1995,1128676,MUS
1044,Mauritius,2000,1185147,MUS
1045,Mauritius,2005,1222010,MUS
1046,Mauritius,2010,1247953,MUS
1047,Mauritius,2015,1259457,MUS
1048,Mayotte,1980,55136,MYT
1049,Mayotte,1985,72108,MYT
1050,Mayotte,1990,94779,MYT
1051,Mayotte,1995,123186,MYT
1052,Mayotte,2000,150331,MYT
1053,Mayotte,2005,178103,MYT
1054,Mayotte,2010,208716,MYT
1055,Mayotte,2015,240011,MYT
1056,Mexico,1980,67761367,MEX
1057,Mexico,1985,75983486,MEX
1058,Mexico,1990,83943135,MEX
1059,Mexico,1995,91663290,MEX
1060,Mexico,2000,98899845,MEX
1061,Mexico,2005,106005199,MEX
1062,Mexico,2010,114092961,MEX
1063,Mexico,2015,121858251,MEX
1064,Micronesia (country),1980,72936,FSM
1065,Micronesia (country),1985,85641,FSM
1066,Micronesia (country),1990,96304,FSM
1067,Micronesia (country),1995,107535,FSM
1068,Micronesia (country),2000,107405,FSM
1069,Micronesia (country),2005,106135,FSM
1070,Micronesia (country),2010,102916,FSM
1071,Micronesia (country),2015,108886,FSM
1072,Moldova,1980,4011085,MDA
1073,Moldova,1985,4216244,MDA
1074,Moldova,1990,4365562,MDA
1075,Moldova,1995,4340602,MDA
1076,Moldova,2000,4202659,MDA
1077,Moldova,2005,4159296,MDA
1078,Moldova,2010,4086090,MDA
1079,Moldova,2015,4070705,MDA
1080,Monaco,1980,26752,MCO
1081,Monaco,1985,28836,MCO
1082,Monaco,1990,29433,MCO
1083,Monaco,1995,30731,MCO
1084,Monaco,2000,32148,MCO
1085,Monaco,2005,33842,MCO
1086,Monaco,2010,35609,MCO
1087,Monaco,2015,37723,MCO
1088,Mongolia,1980,1689622,MNG
1089,Mongolia,1985,1921889,MNG
1090,Mongolia,1990,2184139,MNG
1091,Mongolia,1995,2298017,MNG
1092,Mongolia,2000,2397417,MNG
1093,Mongolia,2005,2526429,MNG
1094,Mongolia,2010,2719902,MNG
1095,Mongolia,2015,2998433,MNG
1096,Montenegro,1980,580757,MNE
1097,Montenegro,1985,614011,MNE
1098,Montenegro,1990,615004,MNE
1099,Montenegro,1995,620419,MNE
1100,Montenegro,2000,613558,MNE
1101,Montenegro,2005,616388,MNE
1102,Montenegro,2010,624279,MNE
1103,Montenegro,2015,626957,MNE
1104,Montserrat,1980,11607,MSR
1105,Montserrat,1985,10787,MSR
1106,Montserrat,1990,10616,MSR
1107,Montserrat,1995,9848,MSR
1108,Montserrat,2000,4925,MSR
1109,Montserrat,2005,4842,MSR
1110,Montserrat,2010,4895,MSR
1111,Montserrat,2015,4966,MSR
1112,Morocco,1980,19990006,MAR
1113,Morocco,1985,22499111,MAR
1114,Morocco,1990,24807461,MAR
1115,Morocco,1995,26994255,MAR
1116,Morocco,2000,28793672,MAR
1117,Morocco,2005,30455563,MAR
1118,Morocco,2010,32343384,MAR
1119,Morocco,2015,34663608,MAR
1120,Mozambique,1980,11630194,MOZ
1121,Mozambique,1985,12764385,MOZ
1122,Mozambique,1990,12987292,MOZ
1123,Mozambique,1995,15483277,MOZ
1124,Mozambique,2000,17711925,MOZ
1125,Mozambique,2005,20493927,MOZ
1126,Mozambique,2010,23531567,MOZ
1127,Mozambique,2015,27042001,MOZ
1128,Myanmar,1980,34224316,MMR
1129,Myanmar,1985,37977087,MMR
1130,Myanmar,1990,41335188,MMR
1131,Myanmar,1995,43901598,MMR
1132,Myanmar,2000,46719698,MMR
1133,Myanmar,2005,48949931,MMR
1134,Myanmar,2010,50600827,MMR
1135,Myanmar,2015,52680724,MMR
1136,Namibia,1980,1057723,NAM
1137,Namibia,1985,1198149,NAM
1138,Namibia,1990,1432899,NAM
1139,Namibia,1995,1627866,NAM
1140,Namibia,2000,1794583,NAM
1141,Namibia,2005,1938316,NAM
1142,Namibia,2010,2118877,NAM
1143,Namibia,2015,2314901,NAM
1144,Nauru,1980,7751,NRU
1145,Nauru,1985,8501,NRU
1146,Nauru,1990,9506,NRU
1147,Nauru,1995,10626,NRU
1148,Nauru,2000,10335,NRU
1149,Nauru,2005,9848,NRU
1150,Nauru,2010,10009,NRU
1151,Nauru,2015,10374,NRU
1152,Nepal,1980,15016408,NPL
1153,Nepal,1985,16858315,NPL
1154,Nepal,1990,18905480,NPL
1155,Nepal,1995,21576074,NPL
1156,Nepal,2000,23941099,NPL
1157,Nepal,2005,25744500,NPL
1158,Nepal,2010,27013207,NPL
1159,Nepal,2015,27015033,NPL
1160,Netherlands,1980,14148410,NLD
1161,Netherlands,1985,14513947,NLD
1162,Netherlands,1990,14965442,NLD
1163,Netherlands,1995,15467852,NLD
1164,Netherlands,2000,15926188,NLD
1165,Netherlands,2005,16367153,NLD
1166,Netherlands,2010,16682927,NLD
1167,Netherlands,2015,16938492,NLD
1168,Netherlands Antilles,1980,269526,ANT
1169,Netherlands Antilles,1990,295861,ANT
1170,Netherlands Antilles,2000,280398,ANT
1171,Netherlands Antilles,2005,295966,ANT
1172,Netherlands Antilles,2010,311534,ANT
1173,Netherlands Antilles,2015,318504,ANT
1174,New Caledonia,1980,145141,NCL
1175,New Caledonia,1985,155985,NCL
1176,New Caledonia,1990,170335,NCL
1177,New Caledonia,1995,193296,NCL
1178,New Caledonia,2000,217263,NCL
1179,New Caledonia,2005,236441,NCL
1180,New Caledonia,2010,253529,NCL
1181,New Caledonia,2015,271062,NCL
1182,New Zealand,1980,3146610,NZL
1183,New Zealand,1985,3268234,NZL
1184,New Zealand,1990,3398175,NZL
1185,New Zealand,1995,3674940,NZL
1186,New Zealand,2000,3858992,NZL
1187,New Zealand,2005,4135353,NZL
1188,New Zealand,2010,4370060,NZL
1189,New Zealand,2015,4614527,NZL
1190,Nicaragua,1980,3265520,NIC
1191,Nicaragua,1985,3734343,NIC
1192,Nicaragua,1990,4173435,NIC
1193,Nicaragua,1995,4652185,NIC
1194,Nicaragua,2000,5069310,NIC
1195,Nicaragua,2005,5438692,NIC
1196,Nicaragua,2010,5824058,NIC
1197,Nicaragua,2015,6223234,NIC
1198,Niger,1980,5989000,NER
1199,Niger,1985,6915994,NER
1200,Niger,1990,8026592,NER
1201,Niger,1995,9490289,NER
1202,Niger,2000,11331561,NER
1203,Niger,2005,13624474,NER
1204,Niger,2010,16464025,NER
1205,Niger,2015,20001663,NER
1206,Nigeria,1980,73423646,NGA
1207,Nigeria,1985,83562776,NGA
1208,Nigeria,1990,95212454,NGA
1209,Nigeria,1995,107948339,NGA
1210,Nigeria,2000,122283853,NGA
1211,Nigeria,2005,138865014,NGA
1212,Nigeria,2010,158503203,NGA
1213,Nigeria,2015,181137454,NGA
1214,Niue,1980,3401,NIU
1215,Niue,1985,2713,NIU
1216,Niue,1990,2332,NIU
1217,Niue,1995,2161,NIU
1218,Niue,2000,1902,NIU
1219,Niue,2005,1688,NIU
1220,Niue,2010,1622,NIU
1221,Niue,2015,1610,NIU
1222,North Korea,1980,17472144,PRK
1223,North Korea,1985,18877226,PRK
1224,North Korea,1990,20293057,PRK
1225,North Korea,1995,21862300,PRK
1226,North Korea,2000,22929078,PRK
1227,North Korea,2005,23904167,PRK
1228,North Korea,2010,24548840,PRK
1229,North Korea,2015,25183832,PRK
1230,North Macedonia,1980,1924203,MKD
1231,North Macedonia,1985,1981536,MKD
1232,North Macedonia,1990,1996218,MKD
1233,North Macedonia,1995,1983259,MKD
1234,North Macedonia,2000,2034823,MKD
1235,North Macedonia,2005,2060280,MKD
1236,North Macedonia,2010,2070737,MKD
1237,North Macedonia,2015,2079335,MKD
1238,Northern Mariana Islands,1980,16633,MNP
1239,Northern Mariana Islands,1985,28719,MNP
1240,Northern Mariana Islands,1990,45752,MNP
1241,Northern Mariana Islands,1995,45872,MNP
1242,Northern Mariana Islands,2000,57453,MNP
1243,Northern Mariana Islands,2005,56547,MNP
1244,Northern Mariana Islands,2010,53971,MNP
1245,Northern Mariana Islands,2015,55779,MNP
1246,Norway,1980,4086070,NOR
1247,Norway,1985,4153111,NOR
1248,Norway,1990,4247286,NOR
1249,Norway,1995,4366996,NOR
1250,Norway,2000,4499375,NOR
1251,Norway,2005,4632359,NOR
1252,Norway,2010,4885878,NOR
1253,Norway,2015,5199827,NOR
1254,Oman,1980,1154373,OMN
1255,Oman,1985,1498413,OMN
1256,Oman,1990,1812158,OMN
1257,Oman,1995,2204267,OMN
1258,Oman,2000,2267973,OMN
1259,Oman,2005,2511254,OMN
1260,Oman,2010,3041435,OMN
1261,Oman,2015,4267341,OMN
1262,Pakistan,1980,78054346,PAK
1263,Pakistan,1985,92191505,PAK
1264,Pakistan,1990,107647918,PAK
1265,Pakistan,1995,123776835,PAK
1266,Pakistan,2000,142343583,PAK
1267,Pakistan,2005,160304007,PAK
1268,Pakistan,2010,179424643,PAK
1269,Pakistan,2015,199426953,PAK
1270,Palau,1980,12178,PLW
1271,Palau,1985,13534,PLW
1272,Palau,1990,15063,PLW
1273,Palau,1995,17158,PLW
1274,Palau,2000,19104,PLW
1275,Palau,2005,19784,PLW
1276,Palau,2010,17954,PLW
1277,Palau,2015,17665,PLW
1278,Palestine,1980,1510717,PSE
1279,Palestine,1985,1759533,PSE
1280,Palestine,1990,2101445,PSE
1281,Palestine,1995,2618671,PSE
1282,Palestine,2000,3224009,PSE
1283,Palestine,2005,3577956,PSE
1284,Palestine,2010,4055632,PSE
1285,Palestine,2015,4529160,PSE
1286,Panama,1980,1978489,PAN
1287,Panama,1985,2219200,PAN
1288,Panama,1990,2470946,PAN
1289,Panama,1995,2739667,PAN
1290,Panama,2000,3030333,PAN
1291,Panama,2005,3330222,PAN
1292,Panama,2010,3642691,PAN
1293,Panama,2015,3968490,PAN
1294,Papua New Guinea,1980,3571209,PNG
1295,Papua New Guinea,1985,4081022,PNG
1296,Papua New Guinea,1990,4615843,PNG
1297,Papua New Guinea,1995,5187063,PNG
1298,Papua New Guinea,2000,5847590,PNG
1299,Papua New Guinea,2005,6494902,PNG
1300,Papua New Guinea,2010,7310512,PNG
1301,Papua New Guinea,2015,8107772,PNG
1302,Paraguay,1980,3181627,PRY
1303,Paraguay,1985,3676206,PRY
1304,Paraguay,1990,4223413,PRY
1305,Paraguay,1995,4776838,PRY
1306,Paraguay,2000,5323202,PRY
1307,Paraguay,2005,5824095,PRY
1308,Paraguay,2010,6248017,PRY
1309,Paraguay,2015,6688746,PRY
1310,Peru,1980,17547612,PER
1311,Peru,1985,19772871,PER
1312,Peru,1990,22071433,PER
1313,Peru,1995,24299168,PER
1314,Peru,2000,26459944,PER
1315,Peru,2005,27866140,PER
1316,Peru,2010,29027680,PER
1317,Peru,2015,30470739,PER
1318,Philippines,1980,47357741,PHL
1319,Philippines,1985,54275836,PHL
1320,Philippines,1990,61895169,PHL
1321,Philippines,1995,69784087,PHL
1322,Philippines,2000,77991757,PHL
1323,Philippines,2005,86326251,PHL
1324,Philippines,2010,93966784,PHL
1325,Philippines,2015,102113206,PHL
1326,Poland,1980,35539723,POL
1327,Poland,1985,37133860,POL
1328,Poland,1990,37960193,POL
1329,Poland,1995,38458642,POL
1330,Poland,2000,38556699,POL
1331,Poland,2005,38368957,POL
1332,Poland,2010,38329784,POL
1333,Poland,2015,38034076,POL
1334,Portugal,1980,9750966,PRT
1335,Portugal,1985,9929176,PRT
1336,Portugal,1990,9895358,PRT
1337,Portugal,1995,10091322,PRT
1338,Portugal,2000,10297117,PRT
1339,Portugal,2005,10508494,PRT
1340,Portugal,2010,10596055,PRT
1341,Portugal,2015,10368346,PRT
1342,Puerto Rico,1980,3090688,PRI
1343,Puerto Rico,1985,3263173,PRI
1344,Puerto Rico,1990,3403168,PRI
1345,Puerto Rico,1995,3567691,PRI
1346,Puerto Rico,2000,3668955,PRI
1347,Puerto Rico,2005,3631885,PRI
1348,Puerto Rico,2010,3579842,PRI
1349,Puerto Rico,2015,3381512,PRI
1350,Qatar,1980,223622,QAT
1351,Qatar,1985,370886,QAT
1352,Qatar,1990,476275,QAT
1353,Qatar,1995,513447,QAT
1354,Qatar,2000,592467,QAT
1355,Qatar,2005,865410,QAT
1356,Qatar,2010,1856329,QAT
1357,Qatar,2015,2565708,QAT
1358,Reunion,1980,509264,REU
1359,Reunion,1985,558704,REU
1360,Reunion,1990,610584,REU
1361,Reunion,1995,673543,REU
1362,Reunion,2000,736714,REU
1363,Reunion,2005,791598,REU
1364,Reunion,2010,830507,REU
1365,Reunion,2015,863359,REU
1366,Romania,1980,22615644,ROU
1367,Romania,1985,23071258,ROU
1368,Romania,1990,23489156,ROU
1369,Romania,1995,22964747,ROU
1370,Romania,2000,22137423,ROU
1371,Romania,2005,21417287,ROU
1372,Romania,2010,20471860,ROU
1373,Romania,2015,19925182,ROU
1374,Russia,1980,138053143,RUS
1375,Russia,1985,142957289,RUS
1376,Russia,1990,147531562,RUS
1377,Russia,1995,148227471,RUS
1378,Russia,2000,146404890,RUS
1379,Russia,2005,143672125,RUS
1380,Russia,2010,143479273,RUS
1381,Russia,2015,144985059,RUS
1382,Rwanda,1980,5153314,RWA
1383,Rwanda,1985,6146884,RWA
1384,Rwanda,1990,7288883,RWA
1385,Rwanda,1995,5836490,RWA
1386,Rwanda,2000,7933688,RWA
1387,Rwanda,2005,8840220,RWA
1388,Rwanda,2010,10039338,RWA
1389,Rwanda,2015,11369066,RWA
1390,Saint Helena,1980,6584,SHN
1391,Saint Helena,1985,6818,SHN
1392,Saint Helena,1990,6654,SHN
1393,Saint Helena,1995,6244,SHN
1394,Saint Helena,2000,6054,SHN
1395,Saint Helena,2005,5354,SHN
1396,Saint Helena,2010,5183,SHN
1397,Saint Helena,2015,5869,SHN
1398,Saint Kitts and Nevis,1980,43201,KNA
1399,Saint Kitts and Nevis,1985,41874,KNA
1400,Saint Kitts and Nevis,1990,40260,KNA
1401,Saint Kitts and Nevis,1995,42077,KNA
1402,Saint Kitts and Nevis,2000,44083,KNA
1403,Saint Kitts and Nevis,2005,46852,KNA
1404,Saint Kitts and Nevis,2010,49011,KNA
1405,Saint Kitts and Nevis,2015,51204,KNA
1406,Saint Lucia,1980,117828,LCA
1407,Saint Lucia,1985,126246,LCA
1408,Saint Lucia,1990,138019,LCA
1409,Saint Lucia,1995,146871,LCA
1410,Saint Lucia,2000,156737,LCA
1411,Saint Lucia,2005,163408,LCA
1412,Saint Lucia,2010,174092,LCA
1413,Saint Lucia,2015,179131,LCA
1414,Saint Martin (French part),1980,8777,MAF
1415,Saint Martin (French part),1985,11066,MAF
1416,Saint Martin (French part),1990,31522,MAF
1417,Saint Martin (French part),1995,27320,MAF
1418,Saint Martin (French part),2000,28935,MAF
1419,Saint Martin (French part),2005,34252,MAF
1420,Saint Martin (French part),2010,37582,MAF
1421,Saint Martin (French part),2015,35865,MAF
1422,Saint Pierre and Miquelon,1980,6129,SPM
1423,Saint Pierre and Miquelon,1985,6017,SPM
1424,Saint Pierre and Miquelon,1990,6385,SPM
1425,Saint Pierre and Miquelon,1995,6389,SPM
1426,Saint Pierre and Miquelon,2000,6298,SPM
1427,Saint Pierre and Miquelon,2005,6113,SPM
1428,Saint Pierre and Miquelon,2010,6361,SPM
1429,Saint Pierre and Miquelon,2015,5992,SPM
1430,Saint Vincent and the Grenadines,1980,100566,VCT
1431,Saint Vincent and the Grenadines,1985,104503,VCT
1432,Saint Vincent and the Grenadines,1990,107489,VCT
1433,Saint Vincent and the Grenadines,1995,108043,VCT
1434,Saint Vincent and the Grenadines,2000,107787,VCT
1435,Saint Vincent and the Grenadines,2005,108617,VCT
1436,Saint Vincent and the Grenadines,2010,108260,VCT
1437,Saint Vincent and the Grenadines,2015,109135,VCT
1438,Samoa,1980,155522,WSM
1439,Samoa,1985,159995,WSM
1440,Samoa,1990,162797,WSM
1441,Samoa,1995,170050,WSM
1442,Samoa,2000,174454,WSM
1443,Samoa,2005,179722,WSM
1444,Samoa,2010,185944,WSM
1445,Samoa,2015,193510,WSM
1446,San Marino,1980,21453,SMR
1447,San Marino,1985,22794,SMR
1448,San Marino,1990,24124,SMR
1449,San Marino,1995,25925,SMR
1450,San Marino,2000,27460,SMR
1451,San Marino,2005,29324,SMR
1452,San Marino,2010,31221,SMR
1453,San Marino,2015,33270,SMR
1454,Sao Tome and Principe,1980,95788,STP
1455,Sao Tome and Principe,1985,104926,STP
1456,Sao Tome and Principe,1990,119211,STP
1457,Sao Tome and Principe,1995,131679,STP
1458,Sao Tome and Principe,2000,142264,STP
1459,Sao Tome and Principe,2005,157472,STP
1460,Sao Tome and Principe,2010,180372,STP
1461,Sao Tome and Principe,2015,199439,STP
1462,Saudi Arabia,1980,9691471,SAU
1463,Saudi Arabia,1985,13118998,SAU
1464,Saudi Arabia,1990,16233786,SAU
1465,Saudi Arabia,1995,18638790,SAU
1466,Saudi Arabia,2000,20663840,SAU
1467,Saudi Arabia,2005,23816175,SAU
1468,Saudi Arabia,2010,27421468,SAU
1469,Saudi Arabia,2015,31717676,SAU
1470,Senegal,1980,5583157,SEN
1471,Senegal,1985,6471329,SEN
1472,Senegal,1990,7526306,SEN
1473,Senegal,1995,8690155,SEN
1474,Senegal,2000,9797731,SEN
1475,Senegal,2005,11090123,SEN
1476,Senegal,2010,12678143,SEN
1477,Senegal,2015,14578450,SEN
1478,Serbia,1980,8908295,SRB
1479,Serbia,1985,9253396,SRB
1480,Serbia,1990,9517677,SRB
1481,Serbia,1995,9884145,SRB
1482,Serbia,2000,9487612,SRB
1483,Serbia,2005,9193818,SRB
1484,Serbia,2010,8991258,SRB
1485,Serbia,2015,8876777,SRB
1486,Seychelles,1980,66237,SYC
1487,Seychelles,1985,69772,SYC
1488,Seychelles,1990,70572,SYC
1489,Seychelles,1995,76653,SYC
1490,Seychelles,2000,80998,SYC
1491,Seychelles,2005,88652,SYC
1492,Seychelles,2010,91273,SYC
1493,Seychelles,2015,94981,SYC
1494,Sierra Leone,1980,3388494,SLE
1495,Sierra Leone,1985,3805304,SLE
1496,Sierra Leone,1990,4319763,SLE
1497,Sierra Leone,1995,4303953,SLE
1498,Sierra Leone,2000,4584570,SLE
1499,Sierra Leone,2005,5645629,SLE
1500,Sierra Leone,2010,6415636,SLE
1501,Sierra Leone,2015,7171909,SLE
1502,Singapore,1980,2411690,SGP
1503,Singapore,1985,2705537,SGP
1504,Singapore,1990,3012968,SGP
1505,Singapore,1995,3525964,SGP
1506,Singapore,2000,4028872,SGP
1507,Singapore,2005,4265693,SGP
1508,Singapore,2010,5131170,SGP
1509,Singapore,2015,5592143,SGP
1510,Sint Maarten (Dutch part),1980,13097,SXM
1511,Sint Maarten (Dutch part),1985,19127,SXM
1512,Sint Maarten (Dutch part),1990,28814,SXM
1513,Sint Maarten (Dutch part),1995,31164,SXM
1514,Sint Maarten (Dutch part),2000,32564,SXM
1515,Sint Maarten (Dutch part),2005,33436,SXM
1516,Sint Maarten (Dutch part),2010,34166,SXM
1517,Sint Maarten (Dutch part),2015,39967,SXM
1518,Slovakia,1980,4996730,SVK
1519,Slovakia,1985,5166787,SVK
1520,Slovakia,1990,5288455,SVK
1521,Slovakia,1995,5375470,SVK
1522,Slovakia,2000,5399207,SVK
1523,Slovakia,2005,5398962,SVK
1524,Slovakia,2010,5404293,SVK
1525,Slovakia,2015,5435614,SVK
1526,Slovenia,1980,1835842,SVN
1527,Slovenia,1985,1945129,SVN
1528,Slovenia,1990,2006404,SVN
1529,Slovenia,1995,1991126,SVN
1530,Slovenia,2000,1987710,SVN
1531,Slovenia,2005,1994979,SVN
1532,Slovenia,2010,2043336,SVN
1533,Slovenia,2015,2071199,SVN
1534,Solomon Islands,1980,230550,SLB
1535,Solomon Islands,1985,270787,SLB
1536,Solomon Islands,1990,311869,SLB
1537,Solomon Islands,1995,359276,SLB
1538,Solomon Islands,2000,412665,SLB
1539,Solomon Islands,2005,469918,SLB
1540,Solomon Islands,2010,527861,SLB
1541,Solomon Islands,2015,603133,SLB
1542,Somalia,1980,6281138,SOM
1543,Somalia,1985,6648628,SOM
1544,Somalia,1990,7225089,SOM
1545,Somalia,1995,7491647,SOM
1546,Somalia,2000,8872250,SOM
1547,Somalia,2005,10446856,SOM
1548,Somalia,2010,12043886,SOM
1549,Somalia,2015,13797204,SOM
1550,South Africa,1980,28556771,ZAF
1551,South Africa,1985,32678876,ZAF
1552,South Africa,1990,36800507,ZAF
1553,South Africa,1995,41435761,ZAF
1554,South Africa,2000,44967713,ZAF
1555,South Africa,2005,47880595,ZAF
1556,South Africa,2010,51216967,ZAF
1557,South Africa,2015,55386369,ZAF
1558,South Korea,1980,38045605,KOR
1559,South Korea,1985,40804406,KOR
1560,South Korea,1990,42918416,KOR
1561,South Korea,1995,45292521,KOR
1562,South Korea,2000,47379237,KOR
1563,South Korea,2005,48701069,KOR
1564,South Korea,2010,49545638,KOR
1565,South Korea,2015,50823087,KOR
1566,South Sudan,1980,4502603,SSD
1567,South Sudan,1985,5220748,SSD
1568,South Sudan,1990,5492620,SSD
1569,South Sudan,1995,5118084,SSD
1570,South Sudan,2000,6199396,SSD
1571,South Sudan,2005,7535931,SSD
1572,South Sudan,2010,9508372,SSD
1573,South Sudan,2015,10715657,SSD
1574,Spain,1980,37698200,ESP
1575,Spain,1985,38733866,ESP
1576,Spain,1990,39202524,ESP
1577,Spain,1995,39787413,ESP
1578,Spain,2000,40824745,ESP
1579,Spain,2005,44019118,ESP
1580,Spain,2010,46931011,ESP
1581,Spain,2015,46671919,ESP
1582,Sri Lanka,1980,15035840,LKA
1583,Sri Lanka,1985,16176282,LKA
1584,Sri Lanka,1990,17325769,LKA
1585,Sri Lanka,1995,18242917,LKA
1586,Sri Lanka,2000,18777606,LKA
1587,Sri Lanka,2005,19544988,LKA
1588,Sri Lanka,2010,20261738,LKA
1589,Sri Lanka,2015,20908024,LKA
1590,Sudan,1980,14507466,SDN
1591,Sudan,1985,17210182,SDN
1592,Sudan,1990,20147592,SDN
1593,Sudan,1995,24094741,SDN
1594,Sudan,2000,27275019,SDN
1595,Sudan,2005,30949514,SDN
1596,Sudan,2010,34545014,SDN
1597,Sudan,2015,38902948,SDN
1598,Suriname,1980,359531,SUR
1599,Suriname,1985,368636,SUR
1600,Suriname,1990,405169,SUR
1601,Suriname,1995,441851,SUR
1602,Suriname,2000,470944,SUR
1603,Suriname,2005,499461,SUR
1604,Suriname,2010,529126,SUR
1605,Suriname,2015,559136,SUR
1606,Svalbard and Jan Mayen,1980,1960,SJM
1607,Svalbard and Jan Mayen,1990,2178,SJM
1608,Svalbard and Jan Mayen,2000,2420,SJM
1609,Svalbard and Jan Mayen,2005,2410,SJM
1610,Svalbard and Jan Mayen,2010,2400,SJM
1611,Svalbard and Jan Mayen,2015,2400,SJM
1612,Sweden,1980,8316331,SWE
1613,Sweden,1985,8357650,SWE
1614,Sweden,1990,8567375,SWE
1615,Sweden,1995,8836421,SWE
1616,Sweden,2000,8881642,SWE
1617,Sweden,2005,9038627,SWE
1618,Sweden,2010,9390157,SWE
1619,Sweden,2015,9764949,SWE
1620,Switzerland,1980,6283833,CHE
1621,Switzerland,1985,6435424,CHE
1622,Switzerland,1990,6652873,CHE
1623,Switzerland,1995,6995519,CHE
1624,Switzerland,2000,7143764,CHE
1625,Switzerland,2005,7386818,CHE
1626,Switzerland,2010,7808674,CHE
1627,Switzerland,2015,8296775,CHE
1628,Syria,1980,8930776,SYR
1629,Syria,1985,10648633,SYR
1630,Syria,1990,12446168,SYR
1631,Syria,1995,14345491,SYR
1632,Syria,2000,16410847,SYR
1633,Syria,2005,18361178,SYR
1634,Syria,2010,21362541,SYR
1635,Syria,2015,17997411,SYR
1636,Taiwan,1980,17905459,TWN
1637,Taiwan,1985,19303402,TWN
1638,Taiwan,1990,20478516,TWN
1639,Taiwan,1995,21356025,TWN
1640,Taiwan,2000,21966528,TWN
1641,Taiwan,2005,22705719,TWN
1642,Taiwan,2010,23187556,TWN
1643,Taiwan,2015,23557473,TWN
1644,Tajikistan,1980,3905443,TJK
1645,Tajikistan,1985,4537820,TJK
1646,Tajikistan,1990,5283811,TJK
1647,Tajikistan,1995,5764806,TJK
1648,Tajikistan,2000,6216329,TJK
1649,Tajikistan,2005,6789318,TJK
1650,Tajikistan,2010,7527397,TJK
1651,Tajikistan,2015,8454019,TJK
1652,Tanzania,1980,18538263,TZA
1653,Tanzania,1985,21633799,TZA
1654,Tanzania,1990,25203848,TZA
1655,Tanzania,1995,29649128,TZA
1656,Tanzania,2000,33499177,TZA
1657,Tanzania,2005,38450323,TZA
1658,Tanzania,2010,44346532,TZA
1659,Tanzania,2015,51482638,TZA
1660,Thailand,1980,47374463,THA
1661,Thailand,1985,52026901,THA
1662,Thailand,1990,56558196,THA
1663,Thailand,1995,59467272,THA
1664,Thailand,2000,62952639,THA
1665,Thailand,2005,65416189,THA
1666,Thailand,2010,67195032,THA
1667,Thailand,2015,68714519,THA
1668,Timor,1980,599907,TLS
1669,Timor,1985,657061,TLS
1670,Timor,1990,737814,TLS
1671,Timor,1995,844333,TLS
1672,Timor,2000,884366,TLS
1673,Timor,2005,995130,TLS
1674,Timor,2010,1093517,TLS
1675,Timor,2015,1196294,TLS
1676,Togo,1980,2720835,TGO
1677,Togo,1985,3252997,TGO
1678,Togo,1990,3774310,TGO
1679,Togo,1995,4226293,TGO
1680,Togo,2000,4924406,TGO
1681,Togo,2005,5611643,TGO
1682,Togo,2010,6421674,TGO
1683,Togo,2015,7323162,TGO
1684,Tokelau,1980,1543,TKL
1685,Tokelau,1985,1714,TKL
1686,Tokelau,1990,1604,TKL
1687,Tokelau,1995,1507,TKL
1688,Tokelau,2000,1550,TKL
1689,Tokelau,2005,1213,TKL
1690,Tokelau,2010,1129,TKL
1691,Tokelau,2015,1247,TKL
1692,Tonga,1980,92966,TON
1693,Tonga,1985,93896,TON
1694,Tonga,1990,95069,TON
1695,Tonga,1995,95972,TON
1696,Tonga,2000,97962,TON
1697,Tonga,2005,100908,TON
1698,Tonga,2010,103981,TON
1699,Tonga,2015,100780,TON
1700,Trinidad and Tobago,1980,1084743,TTO
1701,Trinidad and Tobago,1985,1170296,TTO
1702,Trinidad and Tobago,1990,1221121,TTO
1703,Trinidad and Tobago,1995,1254200,TTO
1704,Trinidad and Tobago,2000,1267159,TTO
1705,Trinidad and Tobago,2005,1296497,TTO
1706,Trinidad and Tobago,2010,1328144,TTO
1707,Trinidad and Tobago,2015,1370332,TTO
1708,Tunisia,1980,6374040,TUN
1709,Tunisia,1985,7329590,TUN
1710,Tunisia,1990,8242509,TUN
1711,Tunisia,1995,9125400,TUN
1712,Tunisia,2000,9708347,TUN
1713,Tunisia,2005,10106778,TUN
1714,Tunisia,2010,10635245,TUN
1715,Tunisia,2015,11179951,TUN
1716,Turkey,1980,43975972,TUR
1717,Turkey,1985,49133928,TUR
1718,Turkey,1990,53921758,TUR
1719,Turkey,1995,58486453,TUR
1720,Turkey,2000,63240196,TUR
1721,Turkey,2005,67903461,TUR
1722,Turkey,2010,72326992,TUR
1723,Turkey,2015,78529413,TUR
1724,Turkmenistan,1980,2876809,TKM
1725,Turkmenistan,1985,3244024,TKM
1726,Turkmenistan,1990,3683978,TKM
1727,Turkmenistan,1995,4207841,TKM
1728,Turkmenistan,2000,4516128,TKM
1729,Turkmenistan,2005,4754652,TKM
1730,Turkmenistan,2010,5087211,TKM
1731,Turkmenistan,2015,5565283,TKM
1732,Turks and Caicos Islands,1980,7894,TCA
1733,Turks and Caicos Islands,1985,9974,TCA
1734,Turks and Caicos Islands,1990,12115,TCA
1735,Turks and Caicos Islands,1995,16221,TCA
1736,Turks and Caicos Islands,2000,20171,TCA
1737,Turks and Caicos Islands,2005,28181,TCA
1738,Turks and Caicos Islands,2010,32658,TCA
1739,Turks and Caicos Islands,2015,35979,TCA
1740,Tuvalu,1980,7631,TUV
1741,Tuvalu,1985,8211,TUV
1742,Tuvalu,1990,8910,TUV
1743,Tuvalu,1995,9298,TUV
1744,Tuvalu,2000,9392,TUV
1745,Tuvalu,2005,9997,TUV
1746,Tuvalu,2010,10521,TUV
1747,Tuvalu,2015,11099,TUV
1748,Uganda,1980,12442333,UGA
1749,Uganda,1985,14559357,UGA
1750,Uganda,1990,17354395,UGA
1751,Uganda,1995,20413157,UGA
1752,Uganda,2000,23650159,UGA
1753,Uganda,2005,27684590,UGA
1754,Uganda,2010,32428164,UGA
1755,Uganda,2015,38225447,UGA
1756,Ukraine,1980,49965872,UKR
1757,Ukraine,1985,50919275,UKR
1758,Ukraine,1990,51463101,UKR
1759,Ukraine,1995,50903783,UKR
1760,Ukraine,2000,48838058,UKR
1761,Ukraine,2005,46890775,UKR
1762,Ukraine,2010,45792086,UKR
1763,Ukraine,2015,44921636,UKR
1764,United Arab Emirates,1980,1019507,ARE
1765,United Arab Emirates,1985,1366165,ARE
1766,United Arab Emirates,1990,1828437,ARE
1767,United Arab Emirates,1995,2415099,ARE
1768,United Arab Emirates,2000,3134067,ARE
1769,United Arab Emirates,2005,4588222,ARE
1770,United Arab Emirates,2010,8549998,ARE
1771,United Arab Emirates,2015,9262896,ARE
1772,United Kingdom,1980,56209164,GBR
1773,United Kingdom,1985,56413555,GBR
1774,United Kingdom,1990,57134377,GBR
1775,United Kingdom,1995,57932450,GBR
1776,United Kingdom,2000,58923305,GBR
1777,United Kingdom,2005,60287953,GBR
1778,United Kingdom,2010,63459801,GBR
1779,United Kingdom,2015,65860149,GBR
1780,United States,1980,229476360,USA
1781,United States,1985,240499822,USA
1782,United States,1990,252120309,USA
1783,United States,1995,265163740,USA
1784,United States,2000,281710914,USA
1785,United States,2005,294993509,USA
1786,United States,2010,309011469,USA
1787,United States,2015,320878312,USA
1788,United States Virgin Islands,1980,99089,VIR
1789,United States Virgin Islands,1985,105279,VIR
1790,United States Virgin Islands,1990,103755,VIR
1791,United States Virgin Islands,1995,107388,VIR
1792,United States Virgin Islands,2000,108730,VIR
1793,United States Virgin Islands,2005,107801,VIR
1794,United States Virgin Islands,2010,106086,VIR
1795,United States Virgin Islands,2015,104950,VIR
1796,Uruguay,1980,2915389,URY
1797,Uruguay,1985,3011519,URY
1798,Uruguay,1990,3109598,URY
1799,Uruguay,1995,3224275,URY
1800,Uruguay,2000,3319734,URY
1801,Uruguay,2005,3321799,URY
1802,Uruguay,2010,3359273,URY
1803,Uruguay,2015,3412013,URY
1804,Uzbekistan,1980,15898760,UZB
1805,Uzbekistan,1985,18061283,UZB
1806,Uzbekistan,1990,20398347,UZB
1807,Uzbekistan,1995,22791033,UZB
1808,Uzbekistan,2000,24769955,UZB
1809,Uzbekistan,2005,26427785,UZB
1810,Uzbekistan,2010,28515908,UZB
1811,Uzbekistan,2015,30929556,UZB
1812,Vanuatu,1980,115598,VUT
1813,Vanuatu,1985,129989,VUT
1814,Vanuatu,1990,146575,VUT
1815,Vanuatu,1995,168161,VUT
1816,Vanuatu,2000,184964,VUT
1817,Vanuatu,2005,209282,VUT
1818,Vanuatu,2010,236216,VUT
1819,Vanuatu,2015,271128,VUT
1820,Vatican,1980,725,VAT
1821,Vatican,1985,740,VAT
1822,Vatican,1990,762,VAT
1823,Vatican,1995,778,VAT
1824,Vatican,2000,790,VAT
1825,Vatican,2005,798,VAT
1826,Vatican,2010,783,VAT
1827,Vatican,2015,790,VAT
1828,Venezuela,1980,15182616,VEN
1829,Venezuela,1985,17319513,VEN
1830,Venezuela,1990,19632665,VEN
1831,Venezuela,1995,21931087,VEN
1832,Venezuela,2000,24192449,VEN
1833,Venezuela,2005,26432445,VEN
1834,Venezuela,2010,28439942,VEN
1835,Venezuela,2015,30081827,VEN
1836,Vietnam,1980,54281841,VNM
1837,Vietnam,1985,60896732,VNM
1838,Vietnam,1990,67988855,VNM
1839,Vietnam,1995,74910462,VNM
1840,Vietnam,2000,79910411,VNM
1841,Vietnam,2005,83832662,VNM
1842,Vietnam,2010,87967655,VNM
1843,Vietnam,2015,92677082,VNM
1844,Wallis and Futuna,1980,11234,WLF
1845,Wallis and Futuna,1985,13625,WLF
1846,Wallis and Futuna,1990,13794,WLF
1847,Wallis and Futuna,1995,14147,WLF
1848,Wallis and Futuna,2000,14697,WLF
1849,Wallis and Futuna,2005,14937,WLF
1850,Wallis and Futuna,2010,12686,WLF
1851,Wallis and Futuna,2015,12262,WLF
1852,Western Sahara,1980,150860,ESH
1853,Western Sahara,1985,182419,ESH
1854,Western Sahara,1990,217258,ESH
1855,Western Sahara,1995,255635,ESH
1856,Western Sahara,2000,314116,ESH
1857,Western Sahara,2005,437516,ESH
1858,Western Sahara,2010,480268,ESH
1859,Western Sahara,2015,526211,ESH
1860,World,1980,4458274952,OWID_WRL
1861,World,1985,4870921665,OWID_WRL
1862,World,1990,5327529078,OWID_WRL
1863,World,1995,5744212929,OWID_WRL
1864,World,2000,6143776621,OWID_WRL
1865,World,2005,6542205330,OWID_WRL
1866,World,2010,6957137521,OWID_WRL
1867,World,2015,7380117870,OWID_WRL
1868,Yemen,1980,7941903,YEM
1869,Yemen,1985,9572170,YEM
1870,Yemen,1990,11709987,YEM
1871,Yemen,1995,14913313,YEM
1872,Yemen,2000,17409071,YEM
1873,Yemen,2005,20107416,YEM
1874,Yemen,2010,23154854,YEM
1875,Yemen,2015,26497881,YEM
1876,Zambia,1980,5851818,ZMB
1877,Zambia,1985,6923148,ZMB
1878,Zambia,1990,8036849,ZMB
1879,Zambia,1995,9096608,ZMB
1880,Zambia,2000,10415942,ZMB
1881,Zambia,2005,11856244,ZMB
1882,Zambia,2010,13605986,ZMB
1883,Zambia,2015,15879370,ZMB
1884,Zimbabwe,1980,7408630,ZWE
1885,Zimbabwe,1985,8877489,ZWE
1886,Zimbabwe,1990,10432409,ZWE
1887,Zimbabwe,1995,11410721,ZWE
1888,Zimbabwe,2000,11881482,ZWE
1889,Zimbabwe,2005,12076697,ZWE
1890,Zimbabwe,2010,12697728,ZWE
1891,Zimbabwe,2015,13814642,ZWE
